motivation,years_schooling,earnings
22.092654547654092,21.5,9143.778761929267
24.260824703145772,25.3,10149.563924966742
22.653752596583217,23.4,9539.826480610887
24.405743926763535,24.4,10041.630055582276
18.390733441803604,18.9,8011.651152236362
14.329204991459846,13.5,6391.7217817582605
16.55133541394025,15.8,7180.062037997099
19.12914069928229,17.4,7936.876935498891
22.187873552553356,22.8,9358.565023707275
25.856317130848765,25.1,10434.885324850264
12.483496090397239,13.5,6021.009426412358
14.133228862192482,15,6576.553933342557
22.299589334521443,21.8,9229.770208611395
12.015912211500108,12,5703.318560636332
17.476846693549305,19.4,7904.855708403727
18.474925157614052,18.8,8014.800410628426
17.434015742037445,16.1,7402.552050463526
17.63479198468849,17.6,7665.16797268189
14.505490187555552,14.4,6561.153001472201
25.323222551494837,27.4,10674.0669682807
18.35219302587211,18,7870.463025662305
16.57453372096643,15,7065.990141222966
25.515814527403563,25.9,10488.099923694692
21.90474628051743,23.9,9465.424153541737
21.02359691215679,19.2,8584.813887824741
17.457598789595068,17.3,7586.62835230762
21.779610951431096,22.2,9185.013874196655
19.616810102481395,19.5,8349.605997315173
15.170540501363575,13.7,6588.491134795718
18.783808570820838,19.5,8181.737500991789
23.10210037790239,22.2,9450.044683745133
12.083826813381165,10.9,5552.2223171345695
14.62797424197197,13.3,6420.630424533391
21.545670724939555,19.3,8705.229571540549
17.181457730475813,18.2,7667.502066984691
17.062757981475443,17.3,7508.224257705436
24.1631285790354,24.5,10007.812725786709
24.65816532075405,24.4,10090.341227322597
20.643943918403238,17.4,8238.950771654798
13.876442883629352,14.7,6480.634456734147
22.950705927331,22.8,9509.359486381338
18.008783478755504,18.6,7893.135548913377
24.981835649814457,25.7,10352.480065737396
22.82540514599532,22.3,9408.554649285197
15.6355374539271,15.8,6997.439326275286
16.497145427856594,15,7049.3952511717625
12.842732202261686,13.8,6137.6966943921125
12.608390353620052,11.3,5716.449084015257
12.770753455813974,12.7,5959.6144979341525
20.75759915681556,19.8,8621.310887588563
25.502584042027593,25.9,10485.871741063509
23.58224016521126,23.3,9711.689625792491
16.410395310726017,15.5,7107.306384613478
14.982356313150376,16.2,6926.639253771949
22.254945664200932,22.9,9385.768975647768
18.98937428742647,18.4,8057.252161490339
22.21680760383606,21.9,9228.782283836174
13.124704620335251,13.1,6090.450628745896
18.09742678841576,19.1,7984.571159646815
15.312126346863806,13.9,6647.699563533407
23.081949178595096,23.1,9580.786176626632
15.621580436360091,15.6,6965.209917327659
25.803773645311594,25.1,10425.041198327797
22.596232410520315,22.6,9409.695976454237
25.716895460616797,25.8,10512.929244404595
15.065269749145955,15.3,6809.34601836304
25.281900563742965,25.1,10320.957972667384
14.092411246616393,14.2,6447.745702788414
20.404997589532286,20.3,8625.580595864381
25.250030525494367,27.7,10704.42009920414
21.63694699667394,20.1,8843.153283419986
19.077472124248743,18.2,8044.113691672439
17.221107427496463,16.6,7434.799752547711
16.701270538382232,17.8,7512.919662918961
12.675518935080618,14.7,6240.0877868002835
20.665265546180308,20,8633.10090362372
25.460262084845454,25.3,10384.989386043419
21.169447134714574,19.9,8719.498602656631
19.1440878813155,20.3,8375.272831415725
14.101374949328601,14.9,6554.415379326669
24.186270324978977,26.5,10314.030639751072
19.20218348968774,20.2,8371.226272584076
12.121070790104568,11.7,5678.7059887950645
12.26872671674937,12.8,5872.803456096278
14.023166621569544,15.1,6568.10904165491
16.27044456684962,17.5,7377.301558721371
23.55919607775286,24.4,9871.04108466746
19.032824992202222,18.2,8036.652806451701
23.250016761943698,22.6,9540.424342995997
12.848959749564528,13.7,6125.213500319611
24.991371909622103,25.2,10278.03934563107
23.314499714411795,25,9913.74421912844
13.10338675742969,12.3,5967.495843015692
20.412995943333954,21,8732.30311086375
22.006918328348547,21.4,9111.17417972377
19.193839145824313,19.5,8263.86837427452
22.08163106907159,23.9,9501.47167941025
22.499247778672725,23,9449.912338766664
13.338967333547771,12.4,6025.637122502268
17.56956211104989,16.5,7490.018696147958
16.122515643015504,16.7,7228.011223808585
20.64155131811276,20.9,8763.023592460537
25.639837781898677,25,10376.781616511758
20.654968531336635,19,8480.866578819023
19.299168708268553,19.8,8328.833433320173
24.635053142905235,25.6,10267.766012329837
20.9243620573543,21.2,8864.148159790964
24.100215861573815,23.4,9830.09195541078
15.515648373868316,15.2,6884.172094475987
15.010967129841447,13.4,6510.759042634148
20.532664626836777,21.1,8771.342250075424
17.368224896024913,18.3,7717.7011465998075
22.573794623836875,21.1,9179.87582125075
17.31630739942193,18.4,7722.23298358963
23.129608889110386,25.1,9892.325840994805
24.67967590270564,24.6,10126.89336753031
25.776366427075118,25.3,10449.823577235282
20.231271629221737,19.5,8471.205091405789
12.13249672204256,13.2,5905.932467303009
16.49108896870166,16.6,7288.561280320472
19.832394266035408,20,8466.608064060452
19.20884584216401,19.5,8266.801151316617
13.255966070108116,12.2,5980.072643794487
21.56550803175196,21,8961.475447653957
21.939608694054186,22.7,9291.88153950372
23.203241757117212,23.1,9606.246605306671
25.217097809072584,25.6,10383.802246282881
14.613045926671475,15.1,6687.339705623149
15.900991952978075,15.4,6988.663122102452
22.839686043560505,23.5,9593.584914029072
12.468266604933888,11.6,5734.5162352373
21.40685397014022,21.4,8991.421205863793
23.378739707171917,25.1,9941.008665281095
21.2842573444359,19.4,8666.796859167978
25.222645417321473,25.9,10428.28257483954
24.247816948220134,23.4,9860.860873206255
21.763196766842157,22.2,9183.124764734115
14.590572479646653,14.1,6533.297290798836
13.365620345342904,12.5,6048.042049496133
23.308639872819185,22.9,9596.90276903514
19.304886896163225,19.1,8226.215189164423
21.70956947421655,21.8,9109.412957007333
15.02861424954608,14.3,6651.799201296698
20.819200202822685,19.8,8633.993661392129
14.058110284619033,14.9,6547.261702983233
25.426986429374665,26.3,10528.456675974992
25.86154625378549,25.7,10525.514833371435
18.950150310993195,19.5,8215.319058846386
24.875067010056227,26.6,10466.613145505651
17.209821972530335,17.4,7552.782561495975
23.578804242424667,22.2,9546.243580127997
19.82660126965493,18.6,8254.263141725785
23.139396863989532,23.3,9623.024142184184
16.928304432425648,15.9,7271.608278189651
14.919387419242412,14.9,6719.311002055107
22.986928740516305,22.7,9503.296723381663
21.562717508990318,20.6,8902.375103845532
18.048154197167605,18.9,7945.377017067409
23.850075816735625,23.8,9837.928466271935
20.42721374752,20.4,8646.141680999257
22.369247215334326,24.3,9617.370952187457
20.32862801523879,21.9,8851.7676640718
23.921827256213874,22,9584.2010079384
23.39461412327364,22.5,9554.291510556144
17.32592691993341,18.6,7755.088155594614
18.89231483405456,19.4,8187.893805145966
25.90728450426832,25.2,10461.669061579532
14.437252302188426,16,6788.373672170657
23.679931194521487,24.9,9971.64833036859
17.54141523083672,19.3,7901.61543010283
25.56678587757051,24.8,10333.81247472068
14.634890535846353,15.5,6751.12014557177
22.489103376399726,23,9447.743507832001
16.31857454078272,17.6,7403.7914267346505
17.30682462034747,18.5,7735.8803328658205
22.510721803177148,23.5,9527.177010049409
21.858823456801474,23,9321.468768011051
24.88830246962607,25.3,10272.592751998425
23.133882376831025,23,9576.466201692863
23.607077485416085,22.1,9536.536198524289
14.345667275134474,14.6,6559.745120920672
17.739436910953373,17.3,7641.90444384999
14.747538369614631,14.3,6593.554470667206
15.6316087404266,15.5,6951.644055219863
25.585827737115324,24.6,10306.181604525333
23.363004829268903,24,9773.83959309878
16.866341753397137,16.4,7333.301089378906
25.136837388388813,24.2,10156.813833982173
14.28741651494056,12.2,6186.692603468263
14.195328243542463,14.9,6573.77623275414
22.55688560148701,23.6,9551.071917127627
24.40470564039424,25.3,10175.640963858023
16.29469790821895,17.3,7353.248215230819
16.35514447838068,16,7171.513377210735
25.783352649770677,25.9,10540.930919235401
12.09700922248885,14.2,6049.293692496034
15.840488088317215,15.8,7037.969533542532
23.172619006130844,23,9583.808530311575
15.411376049276441,15.3,6877.904874504786
18.41582846827805,17.6,7823.334007837798
20.240292531903833,18.6,8336.438151900975
24.496284901164472,23.4,9910.100049752078
13.733128701336682,12.3,6092.200874486625
19.186326225753874,18.7,8142.01185506398
21.290963089093566,22.1,9072.954550662585
22.717588000930846,21.8,9313.15758090443
13.296766438987106,12.5,6034.795054735876
12.947023465298116,14.6,6277.723386295497
19.78537665354088,21,8605.970026961284
21.118457700125873,19.4,8633.163464760266
16.143477639183402,16.7,7234.549066431962
21.737068362999707,23.3,9344.567349683999
17.287379391491413,16.7,7461.925565926984
15.653467176947743,16.9,7164.902620321696
25.16222582384944,27.2,10611.338392894875
18.03245926927775,18.7,7911.988993023053
16.57890418265015,17.3,7409.165766129776
19.488713935017586,20.4,8458.87504370998
20.763182634022087,19.8,8623.480892710752
14.385907815769315,16.2,6805.699317792948
13.530428260564804,14.5,6380.488210599971
13.501902956981212,13.4,6210.430497435743
13.298384821973741,13.5,6184.596796586443
19.484057414811105,20.4,8456.12181074285
24.549449003767222,25.7,10265.352299061158
21.940364266280085,22.6,9276.697958858249
24.69035840779543,25.1,10201.028945585062
18.1136405155994,17.9,7808.0042515207115
18.54946449911222,18,7910.6062865100075
20.373673170804977,19.6,8514.55638113859
16.294470343738794,15.7,7114.9981909305725
20.00801188685,19.8,8471.729132843271
18.708844157401472,19.9,8227.907372954893
21.752637723460793,22.2,9181.964421275776
22.293917899485677,24,9558.986033548876
19.231890979222953,19.3,8239.879858449856
25.795198992360383,24.2,10289.304568438181
24.85170961357653,24.8,10189.732072190533
18.614830957725644,18.2,7952.622961826121
17.328773139975965,18.4,7725.043444840847
25.14334514318034,24.4,10187.233872888248
25.222678606864065,25.1,10310.90479356263
24.695545171853155,24.7,10144.913127633668
22.981287779752165,25.4,9906.342866660472
20.76863493071869,23.1,9118.875470063851
21.459011988248676,20.8,8911.02825893248
25.119536561891437,24.8,10244.814854824457
19.483380112797022,18.7,8201.825333211902
16.715060363058,16.6,7334.321219446887
23.069390822201967,23.1,9579.13796000234
13.72570400312543,14,6344.960916694822
25.427796509116888,26.1,10500.378834085464
12.454887887928635,11.2,5671.783118792673
15.63564857468009,15.3,6921.305224100346
24.270023519638926,24.3,9999.128998400403
23.838742569088936,22.4,9626.811266104587
12.235954644624144,11.2,5627.59793335489
14.570972186978906,14,6513.331245365866
13.621789830271155,13.7,6281.445201440243
18.697804687079042,20.5,8313.530086767101
25.2961483662948,25.2,10336.992606219437
23.560327667742968,22,9510.47901484882
23.361821939237416,22.7,9577.6280860303
24.820317022968084,24.8,10182.981443162536
21.802313778549433,19.5,8783.88990123353
13.162539994809777,15.3,6426.750709036779
13.653065892402083,14,6331.163421734025
23.111095174215734,22.4,9484.06618167513
25.94461369421333,25.7,10543.707476613781
21.674499125685543,21.5,9060.81269338413
14.062748544383794,14.6,6503.349560206044
16.449869450647384,15.7,7144.425876363019
14.183704481460154,16,6736.181584796404
25.93354966910556,25.3,10481.966108508175
22.47518182033673,23,9446.044219484816
17.50255076214671,19.1,7866.257718531171
19.719478523358703,17.9,8129.667995340596
12.411740723066032,11.8,5751.3695063971445
16.708228033967316,17,7391.706548388796
24.017308468930423,24.6,9991.720376351283
13.77923390455544,14.7,6459.293155674059
23.080922708380967,24.4,9776.263109957474
13.370346494484693,14.8,6392.360877730477
12.268148510716856,12.7,5856.595494105192
15.86431387718767,17.3,7267.202328035192
17.75612668413669,17.6,7692.310809197341
12.933825585991144,14.3,6233.275706078416
23.151441900525242,21.6,9369.34409337032
19.08855340257287,19.7,8272.422075907574
19.260733464267105,18.7,8157.002937172862
21.87643931992352,21.4,9082.457756667698
23.64266716130078,22.6,9619.993013287178
12.852550022304058,14,6169.025915783721
16.71570086060092,17.7,7499.2862617997425
23.231373476795852,23.8,9715.464976788488
15.969035499263555,15.8,7062.096158034374
23.408280016854405,23.2,9662.155636735608
15.011163590941578,12.7,6407.995640578819
19.772139749955386,21.6,8694.995578594077
12.217387820594013,13.8,6012.497250965768
12.737636426929384,12.3,5892.272621044206
20.381201945710927,19.9,8560.826513440152
21.916069051716477,20.5,8959.676495306525
21.148169238120317,20.9,8865.003847207305
20.083795559126884,20.4,8579.306692656928
21.49599746335298,21,8948.810272701638
14.939690416213125,13.9,6572.132683104146
15.317721467465162,16.2,6993.27948619842
18.39450374711305,18.8,8000.961999289808
16.762118577491492,17.6,7491.099174848625
17.61298760585487,18.8,7842.727405169579
18.043691080529243,16.2,7539.439395572196
25.37522284919396,25.6,10415.163110373454
15.111907005310059,14,6622.603306569586
17.114351102616638,17.1,7486.752953915121
24.354655093047768,23.5,9895.88979332604
19.37823043949902,20.4,8434.410572940233
20.199978082440794,19.6,8479.785978753729
15.60726991854608,15.7,6975.847102764002
24.16416592337191,24.9,10066.166176143974
16.38064139103517,16,7175.575744056089
21.420042213983834,21.9,9067.809781983462
20.667577790096402,21.4,8843.217872026637
17.649338043294847,17.3,7625.460225928458
17.661601993255317,19.1,7895.8443942263075
25.472703766077757,25.5,10417.649042725337
16.40996666951105,16.6,7271.5566540164855
12.222191170789301,11.7,5698.255782614688
14.249055903404951,15.4,6658.381623989005
15.20958822639659,13.2,6521.5238261020095
17.452856658492237,17.4,7600.585090909824
23.887304303701967,23.7,9832.770751615473
22.3129437379539,22.9,9398.363609136484
21.44786167750135,23.6,9330.552466517427
13.505298150703311,14.4,6360.475215359595
12.831722707487643,12.9,6002.3623142566585
25.456246153451502,26.3,10537.367638948568
22.215785964392126,23.9,9528.927875744437
18.86775558302179,18.8,8092.680947062152
24.333422254305333,24.5,10043.306661840423
20.10920060891658,20.5,8596.027082626333
21.72071410669014,21.5,9070.657852398772
24.754572871141136,24.9,10186.059720710822
23.729986800812185,24.4,9905.85962832021
19.201433687005192,18.6,8130.514877739408
20.772151907440275,20.6,8744.41789013284
23.13273389218375,25.4,9936.866180447953
25.213390205986798,24.8,10263.896157729441
12.62040648702532,11.1,5690.22018953691
22.5487620877102,21.3,9203.638918548368
21.586136515717953,21.3,9011.958672198603
20.71328152762726,23.1,9108.063304968848
25.90894400095567,24.2,10311.811618744685
20.89913829509169,20.6,8768.951108592271
21.18294005608186,19.9,8722.532870869669
22.184261427260935,22.9,9370.979775954263
20.192595632281154,18.4,8298.578373211736
20.05381681630388,19.5,8436.949659104264
12.485901569481939,14.3,6141.768636064507
23.01831577345729,23.4,9613.3599216574
14.533341373782605,14.4,6566.45617086532
14.356579447165132,14.4,6531.695454102374
18.726185745559633,20.5,8318.265404460331
15.395621470175683,16.3,7024.400152131629
16.796349020674825,17.4,7468.977713500943
22.042408432345837,23.5,9434.192359517665
24.19179230928421,22.5,9713.727320906317
15.5560991181992,16.1,7025.228777731594
23.096355591434985,22.4,9481.023689956599
20.0007756636478,21.2,8680.502481966983
19.426391419023275,19.6,8324.580130028051
22.983645958360285,21.8,9365.536317373693
24.977885412983596,23.1,9961.71738494584
20.703594910912216,20.6,8731.222921824856
21.041800404898822,20.4,8768.722939867179
18.081515470054,18.3,7860.488654116217
18.05009438050911,18.5,7884.027593765363
25.65156500786543,25.8,10501.177805607966
16.308624813333154,17,7312.620594415944
18.400351296644658,18.2,7912.161494909167
21.89260733081028,20.6,8967.978543396905
23.354431887622923,20.9,9304.462012160679
16.293997374828905,15.3,7054.3449102933955
21.492777676787227,21.7,9053.447981510217
22.980190014932305,25.5,9920.207938462214
24.04226069431752,23.8,9878.16245702135
20.65582845080644,22.2,8961.65047996276
14.6393937850371,16.2,6857.49355020268
24.66915933880955,24.5,10108.019942587647
12.44935490237549,11,5640.193694242031
23.02766830427572,20.6,9196.531939451424
23.96159995859489,24.2,9921.459858950357
23.236071896273643,23.5,9671.749312858046
14.351943293120712,15.4,6681.733610195723
16.601484822575003,16.7,7325.366194252034
14.791107438039035,15.9,6843.899165319527
16.585263731889427,16.2,7246.355200952751
17.328530988655984,17.1,7529.979386805833
19.074309022631496,20,8315.113519788025
13.764073223341256,14.5,6427.396478546019
13.056726240552962,12.3,5958.007373838942
18.641379377804697,18.4,7986.283113883683
15.704253637697548,14.6,6831.283390622508
15.230445024557412,15.1,6811.761812338301
20.346791411284357,20.5,8645.030183976256
14.224958105012774,14.8,6565.385107172514
23.97076773038134,22.9,9730.463303664039
15.324353140313178,15.3,6858.964302636125
23.159563781227916,22,9430.441764697604
13.098798285238445,14.7,6325.185147505004
19.58654585527256,18.9,8253.047557638305
22.03722467366606,22.8,9326.500663691551
12.570910705719143,14.7,6219.254700221699
12.35840626899153,13.4,5981.677857583805
22.368630037177354,23.6,9514.982551354462
22.782086928840727,22.6,9445.936530321334
19.54149465635419,20.1,8424.277405651312
17.43391017895192,16.8,7506.06686478542
18.571847843471915,18.7,8018.84325985582
13.714810785837471,12.5,6117.538472269679
23.751448882743716,23.3,9744.061662985983
15.7431874810718,16,7046.700734144053
14.731415322050452,15.7,6801.912836193109
15.518202205188572,16.8,7124.240034561555
17.447860706597567,17.5,7614.724482452061
23.810394475236535,23.8,9833.704692081636
25.728364038281143,26,10546.91033887399
16.288475719746202,16.2,7188.129942923814
15.785834892652929,15.2,6937.133671243838
20.72112635942176,20.7,8749.254820850569
20.73392521776259,21.6,8885.983068207288
12.781063062604517,12.6,5943.9066431582805
22.436540942639112,22,9287.897127992183
16.351737064309418,17.6,7410.017363984008
12.595230048056692,13.8,6091.705583139289
19.942235608119518,19.7,8443.356609649265
12.229540959466249,13,5895.460413761098
24.262114121112972,24.3,9998.036782016072
19.384769613854587,19.3,8273.810928514878
13.532388986088336,14,6308.445903231744
23.30155645450577,23.2,9640.343955954128
23.327081413008273,23.8,9734.322662455119
12.154131267685443,11.9,5715.377031822036
21.567702208645642,20.8,8933.398873677856
18.164301418699324,18.3,7877.239604402146
24.643191448878497,23.4,9939.00191960138
17.516683265101165,19.2,7884.042093032528
12.059560013003647,12,5712.60816325235
25.487319707870483,24.9,10331.581996350167
25.537093395367265,24.9,10340.647061399497
22.49010846344754,23.4,9509.065565484321
17.600579453166574,17.3,7616.637363183824
17.8394921165891,18.5,7843.332933061646
23.516631281469017,24.6,9892.490330571363
19.06803988246247,20.1,8327.857219803249
21.74759741127491,20.8,8971.03288171436
25.124993656761944,23.5,10049.684567169297
15.5836003376171,15.7,6970.012585601964
19.43126025190577,19.2,8264.628226773553
13.286631316877902,13.7,6212.850277165358
19.437639785930514,21,8536.830184827983
24.94180702092126,25.2,10266.330145803457
15.050781529396772,14.5,6683.983372178186
24.055205854587257,25.4,10120.372462581221
19.925984287634492,20.1,8499.687076775861
17.564734805841,17.6,7653.708360262331
20.464683981612325,20.5,8668.266838783631
17.26929111359641,18.3,7698.5256536285
23.388672194443643,24.1,9793.626182943188
16.0920457392931,15.2,6998.590906163797
16.479050999041647,15.1,7061.993585750801
17.83793120412156,17.7,7723.543378846825
22.86241251602769,21,9221.294689299752
20.967169259209186,23.1,9158.981239671599
15.64731070259586,14.4,6789.071598136981
16.377560516819358,17.6,7415.782589467316
22.288467336911708,23.6,9497.029751886885
22.859245701693,21,9220.735033442572
20.372847138438374,19,8424.785281052897
13.632497421465814,13.2,6206.347791742049
15.3871596949175,17,7126.751203763359
15.700857857242227,16.2,7068.943328588096
15.993089615367353,17.7,7354.12548607748
19.473508779425174,20,8395.87033987395
17.556521150283515,18.7,7815.089298904588
21.017971786670387,21.3,8898.049177139192
14.01166547043249,14.2,6430.523204237967
24.127715470734984,24.1,9939.89289164566
18.40702896611765,17.8,7850.521635623606
24.59332759352401,24.9,10151.76699376434
22.91548183839768,24.2,9713.252528646583
23.417654471937567,24.6,9873.895833752467
25.95795158110559,25.6,10531.437752920616
20.25719584338367,22.5,8925.558971758743
18.531758119352162,18.4,7964.28762913523
16.63382529374212,15.6,7165.24921907192
21.89282676251605,21.6,9119.84496361975
22.60330768302083,22.9,9456.98768875078
22.839266715105623,24.9,9803.023508177159
24.197671079542488,25.1,10104.343582615988
14.930918278638273,17,7036.929579006574
22.727335184812546,23.2,9525.157160553252
23.78261785954237,24.5,9931.606151520538
25.07776809949428,25.6,10354.513443725265
21.461534419562668,19.7,8747.876595823514
24.025419015903026,22.3,9650.627120803869
13.060505881439894,13.6,6151.13240235188
20.89696444850415,18.5,8456.135311864005
17.535422601737082,19.3,7901.339041145344
22.468178810551763,22.8,9412.721684832799
22.35283845802769,24,9570.899386529938
17.204019728582352,16.2,7371.408315930277
16.746885522734374,17.5,7475.63990334723
21.419246877543628,21.3,8978.707008641592
16.520745757967234,15.2,7084.713633411587
21.57756401738152,22.4,9175.599976093014
14.996508748736233,15.9,6884.570352516325
15.45050303870812,15.3,6885.961118412613
13.726508561056107,13.6,6285.601909225753
22.995420595631003,23,9552.239480113121
22.65993316937238,22.6,9422.623343508505
14.746799372602254,15.7,6804.071017998718
24.5654185032472,25.3,10208.365114605132
20.33562597259879,19.8,8537.706965187612
18.203196234535426,17.9,7825.04061163524
16.184884132817388,17.3,7331.956426754261
16.24572968808934,15.5,7075.173170685984
20.032124894671142,20.5,8579.411825228792
25.033276706002653,24.3,10151.864279586318
23.33369211340323,22.7,9572.209708523105
18.09589482471347,16.8,7639.380561956721
16.984255850315094,15.6,7235.819682167706
19.232886251527816,18.7,8151.524923914214
21.131980926264077,22,9026.938073191544
21.596528079360723,20.3,8865.72030180555
23.524587106890976,21.6,9445.84086294491
13.665647450834513,13,6182.651536084714
24.815011302009225,25.8,10333.57281316967
15.548742239829153,14.9,6844.471209561858
17.6857301290147,17.1,7603.973085447076
15.679597510490566,15.2,6917.312971783625
16.480245943181217,15,7046.597597919598
15.378915532492101,15.7,6929.373634457444
19.5242677484639,19.2,8282.719155250086
22.051716257352382,22.1,9225.097318435593
19.530494797043502,19.1,8270.543829751872
12.242157262284309,15.6,6289.095468333825
20.72133781807497,20.1,8659.351353447728
20.44086482282728,18.5,8362.255879443626
22.699207295197994,22.4,9399.593579562801
24.24069663742557,24.5,10020.704898137348
18.20839810697362,19.1,8006.053339817767
19.082622315268964,19.9,8302.360320669475
24.47176952799782,24.3,10040.803667572298
17.28667094372213,17.3,7553.38939220725
15.609238206408918,14.8,6841.92184495843
14.372812187764794,13.1,6339.205823182512
13.209818110335618,13.3,6136.957709547945
21.548573926556855,20.7,8915.136764782212
17.021743076853454,18.2,7634.256938814621
12.910422218963504,14.6,6272.216528306527
12.950598623137921,13.7,6145.192762511489
19.91343036433682,21,8634.581956155373
21.54913265630603,20.7,8913.499749946961
14.686794322449714,15.3,6732.557390640164
15.718864113092422,17.2,7222.18184572119
25.22239520167932,25.9,10428.572758387441
19.274788143578917,19.6,8296.399592345215
22.374752800446004,21,9124.475613496666
15.101782812736928,14.2,6651.149032494592
20.954294555820525,20.5,8764.717219647824
20.768267798703164,21.3,8848.701560231482
19.570887187495828,20.5,8488.47267524473
15.37250971281901,14.1,6688.1162029078505
15.496543834917247,16,6998.938703003771
18.54840925289318,19.3,8104.50915431982
23.682942296378314,21.9,9520.748670480865
15.274884648621082,14,6655.25252122673
22.85190972406417,23.5,9596.133873485347
19.302581794094294,18.6,8150.973107575342
16.6791023099795,17.2,7418.087827737689
22.898493140935898,24.1,9693.524417256227
15.326915903016925,15.1,6828.510083515059
16.714185726363212,16.6,7332.262811956668
17.94305724510923,17.9,7775.167198908239
21.77366404188797,21.2,9034.907315635142
21.17520730337128,20.9,8869.445006514827
22.10830229567364,22.3,9267.055491242096
14.29705725889653,14,6459.214440991872
12.709137937054038,12.9,5976.937131583191
20.02046102611348,19.2,8385.069076902417
13.59825551090762,13.2,6201.180358659813
12.220714627299458,11.5,5671.257546115184
22.88142791716382,23.5,9601.66515250654
15.733145639766008,16.4,7107.52854157745
21.5229054922238,23.2,9285.096899835362
15.108069838490337,16,6921.206007187495
25.63939718110487,27,10678.769608558772
21.503017439506948,21.8,9072.185105503706
22.94279741216451,21.7,9343.991584664702
21.789682875853032,21.3,9052.781350359066
12.145697580650449,11.9,5715.450455736388
19.054699130356312,19.6,8251.398011459742
22.23482893873006,22.4,9306.937848817779
16.616892313119024,17.2,7402.058604557866
23.486988032702357,23.1,9662.35682552579
24.387636443134397,24.6,10066.16269634233
23.98360739601776,24.5,9972.033337718927
18.34542173659429,18.3,7913.906399567935
18.585325985681266,18.2,7946.805611255854
19.21335716219619,17.8,8012.15315284443
14.293796055484563,15,6609.575520978656
24.37485913094133,25.1,10140.971909812404
14.808998381253332,14.9,6696.494999840226
20.883856808766723,19.5,8600.196747455611
12.619484360795468,11.7,5778.6173850525565
17.194703731685877,18,7639.912208088496
20.45366281736642,19.7,8546.713402532569
25.336751837283373,26.9,10603.760235338665
15.008010147605091,13.7,6557.407471715442
14.510118779260665,14.6,6591.982613555514
24.137597805354744,23.8,9899.787750243839
18.51020868262276,20,8201.494549216566
15.177264037076384,16.3,6979.714349635671
24.692841159645468,23.5,9963.4499037408
25.609300286509097,25.1,10386.925610825745
25.415570553392172,26.2,10512.942515277551
19.667706474661827,22,8733.647864910296
25.785994194447994,24.1,10273.98095000944
16.87931639701128,18.5,7651.79087185918
17.265439053531736,15.7,7308.99395142535
17.88406089693308,17.6,7716.405774095363
15.956584140192717,15.8,7061.071299345959
12.931279805954546,11.5,5813.9825415208925
13.117328161373734,14,6222.509589366067
18.05911437701434,16.5,7586.626594594273
25.83663583640009,27,10718.20225266273
13.581900811288506,13.7,6270.3083214144835
15.085554655175656,13.5,6542.583203812346
15.084403588902205,13.6,6558.554121987833
21.07402243744582,21,8864.820361012615
19.12992771388963,18.9,8160.693921960579
22.18438318092376,21.1,9101.28663263669
16.42325744498521,14.9,7018.709646034719
23.844818814191967,22.8,9689.123632711682
19.08618359034881,19.9,8301.31383048744
21.556206957437098,21.5,9036.384357520054
25.221892967820168,24.4,10203.459454240205
12.201736653223634,12.8,5861.834478356199
19.295161988586187,17.6,7998.592737974948
23.54495474230498,23.8,9778.492143734913
16.592712616547942,16,7219.370587999728
21.558663381263614,20.8,8931.894209429413
20.648363447282463,21,8780.195917418361
21.125701661687344,23.5,9249.012206207799
25.3871566997841,26.5,10552.550016088273
15.269174730405211,15.1,6819.997652964428
16.615584735758603,18.3,7569.139026675471
23.732977389823645,23.7,9800.93034516531
14.030432217288762,14.7,6511.632882475581
24.918841487262398,25.2,10262.429254111532
13.216525299008936,15.8,6514.205144983498
21.604927331674844,20.4,8880.74672481924
25.54711911128834,24.9,10343.900802722443
20.911617403384298,20.9,8815.22340067568
17.88721376331523,19.1,7943.639938885554
23.271956174168736,23,9604.780298740137
15.645425075665116,13.4,6638.587809660053
21.199656447395682,22,9038.756341273805
20.155677038244903,21,8681.233246483327
21.004901512060314,21.3,8898.393428710513
12.3529058014974,11,5622.68580528992
12.900986730586737,14.3,6225.98145612315
25.731851877178997,25.3,10440.756192632774
25.15167889650911,27.3,10625.502762823982
14.759179505519569,13.3,6446.909313028385
21.679888260550797,22.4,9194.730501663862
16.617606999818236,15.4,7134.966282533432
21.485771215055138,22.3,9142.965631104395
13.0182652650401,12.7,6008.238860154138
25.735201644711196,25.9,10531.677223478066
13.764932393096387,13,6202.239181108275
17.308437657542527,16.7,7467.786704588814
23.946120743174106,23.6,9828.673293576912
23.6136375637725,22,9524.10296935296
21.39220570260659,20.6,8867.102172826288
21.840738986153156,21,9019.644942342638
24.3840400618501,25.9,10261.577995941498
18.467158530838788,18.4,7952.0807254556685
21.804095993749797,23.5,9383.658383930906
18.209209526423365,17.5,7766.556820424183
24.74177432898432,24.5,10122.286579643298
13.657592799980193,13.4,6241.184710987235
12.78094912553206,12.6,5947.050236963511
21.90125816455111,21.7,9135.576149169756
24.158928957767785,24.6,10021.3667709708
12.06878945697099,12.4,5773.219830792199
22.614955716300756,23.9,9608.86120359232
22.947729768697172,22.3,9433.67006962909
18.912768536712974,18.4,8041.914871062856
20.61302551906556,21,8771.928832520198
16.98500859318301,15.2,7177.247894859447
18.516325917560607,17.7,7858.491625945221
16.185199443250895,16.8,7258.066518483218
12.99785261740908,13.2,6079.7875557422
22.114263801835477,23.2,9403.162687551492
13.951101478654891,15.9,6674.446873526913
22.917500122450292,22.7,9487.799984132453
23.96877363929525,25,10044.389272932467
16.822203941643238,14.8,7085.235376937802
17.03025062708184,15.6,7247.941705544831
25.139600217342377,22,9829.098823157588
20.91874803742394,21.6,8922.222589105815
16.74028743058443,16.7,7354.407979681672
19.157803412526846,19.4,8243.02426376107
18.120341224130243,17.6,7764.994428441994
21.54674872988835,20.6,8898.757263075006
24.71276955353096,23.1,9908.710003211316
14.506102518644184,14.8,6621.941416362737
15.70081578195095,15.3,6935.642748845644
16.949337172321975,16.6,7378.566993139681
12.424805469345301,12.6,5876.801862124423
12.489002314396203,11.6,5737.635786283589
13.274501089937985,14.1,6268.123396038858
20.589788673445582,20.6,8708.123175516677
12.275843842886388,10,5454.557678076447
17.947234234772623,18,7789.15907499732
13.123424593359232,12.9,6058.728779157536
19.09974737931043,18.5,8094.962788694495
19.490954626817256,20.6,8489.259030054976
22.392099555116147,21.1,9143.917406654758
20.955228481907398,22.5,9065.826980915073
20.705430502537638,20.9,8776.484532233158
24.022117109503597,23.8,9874.985173555508
25.33328605303541,25.9,10450.73833367942
20.713064374402165,19.3,8536.150251486391
22.491652125958353,23,9448.40319921858
13.60766059346497,12,6018.998745789549
17.46967675490305,16.8,7516.569456265547
24.848539461381733,24.9,10205.595803061886
18.187303945887834,16.9,7670.58915838576
12.929333347827196,13.4,6097.721090771984
25.37796644633636,25.4,10385.357259219027
25.210218384861946,26.3,10486.7597320354
21.538303712382913,22,9108.717077920252
12.770483552012593,12.6,5941.648195656996
22.074619033373892,22,9213.631633526615
16.591684301383793,17.1,7383.007694031777
22.46221487922594,23,9442.892475813534
25.17078682547435,24.7,10240.264134077805
15.052261185832322,14,6611.423523224063
22.39154239324853,21.7,9233.237821662493
24.28711586026475,24.3,10002.839543849599
18.374416971113533,19,8021.860627575205
12.346269125118852,14.8,6188.150690271581
15.765080707613379,16.8,7173.608324383527
22.907455963548273,24.2,9711.660086034062
21.990772655699402,19.9,8883.537817228542
25.83315224153921,26.2,10595.549430691668
12.238376183900982,14,6046.594272122238
16.432177674025297,15.6,7125.828589818177
15.557361285667866,16.2,7043.011185192733
18.428071380592883,19.4,8095.21386769606
19.47253708401695,19.7,8349.211516694262
21.013520544860512,19.4,8612.685294526278
24.916490020230412,25.2,10263.666014346922
16.146453354507685,15,6977.752678697002
23.371166135184467,22.7,9579.57059596035
21.712961056269705,21.5,9067.9259974186
14.672961281612515,13.7,6488.626656132567
18.162275745067745,18.2,7861.329359218953
24.03705185931176,25.6,10147.413626197364
23.438936126884073,22.5,9562.570111804107
16.375848044641316,16,7174.728921973602
25.82528674043715,25.4,10473.989485924192
17.48686376819387,18,7695.920837401901
13.624273178633302,12.7,6128.411779268081
12.246586309280246,13,5899.2136606498925
16.728955565020442,17.4,7456.143287851504
23.556433845311403,23,9660.711268303357
23.026927713304758,23.3,9600.790598682574
17.258783093187958,17.1,7516.552986488529
21.671461131889373,20.6,8927.128938558288
20.509944618213922,21.7,8855.704731418045
19.666179260239005,18.8,8254.351667977084
24.01094705518335,23.7,9855.75644039736
16.994274652563035,17.8,7567.391607981195
16.2764537287876,16.2,7183.668836624456
20.44853665633127,20.7,8695.310247830537
16.57180086756125,15.6,7154.2759985151015
20.45054960111156,20.8,8710.177604121829
15.482308350503445,14.8,6815.891622498821
22.348153595346957,22.6,9360.577284103294
12.211036576889455,12.6,5834.188005878679
20.6885749544017,20.1,8651.855467727697
24.07057971227914,24.1,9928.981931306744
18.81499976851046,18.6,8051.031704246994
18.830619666259736,18.2,7993.990471233995
13.184461573604494,11.4,5846.924560378159
17.5810834816657,16.5,7490.7145864617205
22.289812370669097,22.3,9304.773684708258
25.263258083723485,24.6,10242.384614928293
19.01197439711541,20.3,8348.941952887284
12.50204880675301,11.6,5739.567194763596
20.567153558600694,19.8,8583.824100082304
13.54955268651247,14.1,6324.868112768838
14.215152140241116,16.1,6758.905796208584
14.198761200066656,14.9,6576.022369797369
15.759618459269404,15.8,7023.368194862817
15.973554707597941,16.6,7184.831735002847
23.14707645541057,22.5,9504.531971259754
18.35615893173963,18.2,7899.284234252357
18.526838967576623,18,7905.808724460885
20.12119797663763,18.5,8297.153643906915
16.646360184065998,16.9,7363.906077523221
22.592380102723837,22.9,9455.480083569742
13.597868162672967,14.2,6348.235379727104
25.105820349417627,24.6,10209.29997637298
14.15181966079399,14.1,6446.796759918967
19.530672560911626,19.7,8361.881436395892
14.320039074402303,14.4,6525.466557128692
20.550231064204127,21.3,8804.843784350958
18.105131472460926,18.2,7852.236388825736
22.469024713616818,22.1,9309.095431751537
24.401730987709016,25.2,10160.657516266723
13.93379035172984,14.8,6507.877569026935
19.372513741254807,18.2,8105.237140020028
21.866906577255577,21.8,9145.541939410341
14.642705506179482,13.7,6482.972737661035
12.73767768079415,12.8,5967.632891773048
18.888751733582467,20.4,8335.817761054914
21.010946699418128,22.4,9062.287768244489
20.799705564510077,21.2,8840.095669949962
18.6973222293891,18.5,8014.574993487809
14.464319951832294,13.8,6463.351423652696
18.023159749805927,18.2,7834.292646575506
13.805163295008242,14.1,6376.151676237862
21.595044045243412,22,9118.552845475968
24.05836046487093,24.3,9956.41815357874
19.742246305104345,18.9,8281.378870681838
21.750420914962888,23.1,9314.692826861201
15.895203767810017,15.9,7065.436564804829
20.614245832897723,20.5,8698.044691269419
19.217382673639804,21,8494.3512637443
16.01568965986371,14.8,6923.105584283123
19.06210834858939,17.9,7997.511260518206
20.148711256682873,20.9,8664.015486343358
14.334093153942376,15.7,6720.958593834157
24.464074743445963,22.8,9812.779821188047
18.961525255814195,17.7,7947.073135649989
16.670305464416742,16.2,7264.398964512611
25.361064598429948,26.3,10518.490461862672
24.719767921604216,27,10495.569971539942
16.306536417920142,17.6,7401.370888047296
15.117128647398204,15.1,6787.7822325790075
16.22558170929551,15.3,7040.364831424489
24.475189947988838,25.1,10160.164143633338
20.67686011828482,20.8,8756.408002707018
22.20260112034157,24.3,9585.326132131007
20.541658021509647,20.1,8623.216446915845
14.875387121457607,15,6724.509080671307
13.315591549500823,12.9,6098.322664828111
18.733975388575345,19,8096.190850140676
23.326019803993404,24.9,9899.457532211332
19.948661308269948,20.5,8565.411823535871
21.260189270600677,21,8901.88976838989
13.543838472105563,14.4,6369.947410182837
12.997845922131091,11.5,5824.736253274349
21.110431463457644,20.1,8736.891994157313
24.867984735872597,24.1,10087.67514103729
21.634369953535497,20.6,8917.29841431472
14.751404377631843,14.9,6684.3476681725015
25.82396603329107,27,10716.357597051896
19.192819928284734,19.6,8279.877578321686
23.3940459927544,21.9,9463.856666764734
18.062968086451292,15.9,7496.500720211934
23.029693524818867,21.2,9287.178357574665
12.225595996715128,12.8,5865.366172639027
25.629448174033314,23.5,10149.239720610767
14.278527092654258,13,6304.457358462142
21.14622416207567,21.1,8894.570003841636
16.86572224786505,16.6,7362.318373511838
22.310676832217723,22.1,9276.782176308127
17.747253344859928,18.3,7794.024548676151
19.571987397037446,18.9,8250.472359615555
22.212375652510673,21.1,9108.08033602833
23.813240486662835,24.7,9967.591997153422
17.21980384644121,18.3,7688.05006634079
24.428578641731292,23.9,9971.045559387427
12.336733324918896,13.1,5933.436740140531
21.684764916542917,21.8,9105.906210829535
14.282245863229036,13.5,6382.321696450413
14.54172218311578,16,6807.3664618830235
13.357728825882077,12.7,6077.099555198736
12.196038961876184,12.5,5813.20935032908
14.5333307441324,15.6,6746.4734623906625
21.373062898870558,20.5,8847.065153191574
16.30717685027048,16.7,7265.831902036552
14.122993493452668,14.4,6484.0277806670365
15.678902860730886,15.5,6960.5904724150005
22.669418044388294,24,9633.910083172941
13.675491752102971,12.1,6051.056485092784
23.873235317878425,23.2,9753.958909268556
16.604415105190128,16.2,7250.702183170999
15.97774050803855,13.6,6735.432112788686
12.734962556511164,13.1,6011.730228662485
16.649974978994578,16.3,7275.356916974269
19.84184737270698,18.4,8226.588350211987
23.79679196840152,23.1,9723.48395951889
14.363335761707276,14.3,6517.472712941947
24.398641110397875,26.4,10339.004281552587
14.426584846805781,13.7,6439.939831840227
25.057757657486945,24.6,10201.138696902972
22.37936038710177,21.8,9244.760538854976
18.128929355647415,17.8,7795.115652222724
22.78146611293778,24.7,9762.120827776984
14.444802313577384,14.1,6504.494453319521
16.73965095868334,17.8,7515.895211642395
20.92895958153531,22.3,9031.697938438603
16.745206966996193,17.3,7442.9352771779
13.388640575576574,14.1,6293.2318701021595
21.949119365774095,22.7,9292.244837588729
17.496540139894933,17.9,7684.358054110062
19.697980787605047,21.2,8620.203064343323
19.872816279996186,20.8,8594.292521520545
15.909234351944178,16.4,7143.967648106284
14.645146172959358,13.8,6498.501979207412
13.305322736967355,11.3,5859.08183515071
18.320859561674297,16.8,7683.929157541497
23.85822875192389,24.9,10006.087386899266
14.746886727400124,14.8,6669.816483247343
21.038587854709476,23.6,9247.1895902953
14.201822523027658,15.8,6709.523438779613
24.265319431666285,25.2,10134.03395835814
14.525193021632731,15.2,6685.484475907986
20.496492135804147,20.9,8733.513884988064
12.263814928475767,12.6,5842.860729371395
16.934803920798004,17.1,7453.339364277186
18.217040977440774,16.4,7602.620199581082
20.285988221410662,19.4,8468.147563675744
24.643923613708466,23.7,9983.004715104482
20.668348027393222,21.2,8812.833505466111
18.835993291810155,20,8267.885848556607
23.50203571561724,22.4,9560.205053167667
12.177177441306412,12.9,5868.791272976551
24.79821327654645,24.1,10073.202057810351
21.899870074354112,22.2,9211.126874144342
19.911243387963623,19,8332.034373405642
23.157559973187745,23.8,9700.502469778841
19.826833704020828,20.2,8494.335248693786
16.331465010996908,15.5,7091.038082700961
16.74244133476168,15.7,7203.101053869889
15.8347522104159,16.6,7156.406980420695
15.283015167340636,14.5,6731.1111100564385
16.259588059503585,16.3,7196.981120798351
18.870485382154584,19.1,8138.7846004045505
18.97245186800137,19.4,8204.775370730955
14.420906292740256,13.3,6377.2910515882895
18.458262514322996,19.1,8055.342072212043
16.7376108514145,15.1,7111.858607807454
18.86577062215656,18.2,8004.149830948245
19.235478872433305,19.8,8316.600709029457
18.290420177858323,17.7,7811.868020947849
21.2896016985178,23.4,9268.963855453476
18.265523327048868,18.8,7975.245492983228
19.14559594541788,18.2,8058.721520650286
21.44989961059764,20.5,8864.097557431987
17.757746481802315,18.3,7794.677613999191
13.117370934225619,14.3,6269.148729633019
22.734112077392638,23.4,9557.45038178048
20.16941103199497,20.2,8563.610290804952
24.85115094250068,25.5,10295.179372520319
22.837057201657444,22.4,9429.168630059628
25.041181469336152,24.7,10213.078454734214
19.77041680784896,20.1,8469.728037516235
21.043890580069274,19.9,8692.164932546773
19.888068031985313,20.7,8582.486444468945
17.68199970200658,16.9,7571.301776999464
20.264845084398985,18.9,8386.071649349105
24.77632809150964,23.7,10009.639810060657
13.714420904871076,12.3,6088.158862344339
18.267876723781228,16.4,7615.322029935265
23.25081840902567,24.4,9808.285537755713
25.176978875417262,25.5,10359.341835892974
17.66094112629071,17.6,7671.943755225986
16.98187938844785,17.2,7476.159777624629
12.30660318210721,15.1,6226.794069676414
22.38671900285408,23.9,9563.180995384275
17.739208101294935,16.5,7524.191222077579
12.328406478744,13.4,5975.839211712319
20.24162392085418,21,8698.09631877182
15.74593951413408,16.4,7108.593941739211
15.228601779323071,14,6642.710730651074
19.48063903534785,20.3,8442.492555966322
14.780094533693045,13.3,6451.058889160605
24.060811986215413,25,10061.294176791835
18.378767480608076,17.5,7800.298086264267
15.13589610811323,15.8,6896.116907108413
17.287402948830277,20.7,8062.521351152755
13.87386764632538,13.6,6315.84976345202
13.088593850377947,11.8,5889.17640805565
23.811991077382118,24.3,9907.499453078222
12.09539158269763,11.6,5657.7026072131275
16.916578859090805,16.3,7330.381288886778
21.604854449629784,21.3,9016.251396299744
15.557210915721953,16.1,7026.736447258933
14.437810432165861,14.2,6520.186259909927
21.899584302678704,21.9,9164.103877494794
25.99393670540303,27.2,10779.619977782817
25.29546364536509,25.3,10353.317626002623
18.09392956830561,16.8,7638.163339822998
24.48249498521909,24.6,10085.873415250111
20.221386595629156,22.5,8918.739531494837
16.813714769203216,14.3,7009.380070825954
23.333591889590025,24.8,9887.454097463962
19.583677971735597,20.5,8490.720903163143
12.22146132029593,13.5,5970.792164700524
22.327432479243726,22.4,9325.798391967095
17.70624605799094,15.9,7427.066641341913
22.606000433210284,21.5,9247.095304234415
12.319642812944949,10.8,5585.064618623153
14.166120738722384,14.2,6460.964174211931
13.518385714385659,14,6303.653069967538
