id,gender,math_points,gym_visits,countries,class_rating
1,male,130.1,10,4,very good
2,female,100.5,2,7,bad
3,female,90.9,0,1,medium
4,female,141.7,14,5,good
5,male,120.5,12,1,very bad
6,female,92.8,0,9,medium
7,female,141.61810351723574,13,6,medium
8,female,108.53895464310112,5,9,good
9,male,84.18796702072184,0,4,medium
10,male,83.39956513014143,0,5,very bad
11,female,129.96425059015274,11,2,good
12,male,122.71418005211069,6,6,medium
13,male,130.02870369693778,11,6,very bad
14,female,144.33831196119044,18,7,bad
15,female,97.79673512922537,6,3,very good
16,female,167.90190250595973,20,1,bad
17,male,113.58023490176407,9,4,very good
18,male,91.17486481227346,0,6,medium
19,female,135.8493063499732,11,3,good
20,female,156.46474837647366,15,2,good
21,male,121.92996185852846,10,6,bad
22,male,144.0744644589833,17,0,good
23,male,88.07051323335484,2,1,good
24,female,67.05164555661608,3,10,good
25,female,70.22703637843475,0,2,very good
26,female,86.28568822806548,0,1,good
27,female,79.15859527020955,0,8,very good
28,female,151.82131607848842,17,3,good
29,male,101.06586201089858,8,2,bad
30,male,72.44536039392483,0,0,very good
31,male,77.36007081218511,0,1,bad
32,male,116.47537302781552,11,2,good
33,female,140.40692090528202,14,6,very good
34,female,123.22549233866398,14,1,bad
35,male,91.77192045556737,0,3,good
36,male,113.02505834180887,6,6,medium
37,female,167.38695823266278,25,7,good
38,female,152.3745514569316,16,5,bad
39,female,132.51709692397924,19,2,good
40,male,86.10971136817096,0,0,good
41,female,115.52132257711438,9,7,good
42,male,56.00802291677465,0,2,bad
43,male,95.80681043811806,4,10,medium
44,female,83.11314547774347,1,5,very good
45,male,64.04515101900985,0,6,medium
46,male,144.51709321069018,14,2,very good
47,male,120.86439194125165,12,8,very bad
48,female,138.6643034437919,12,3,very bad
49,male,86.63757409548738,3,4,good
50,female,145.3591705643651,15,4,bad
51,female,157.7137336612392,24,3,bad
52,male,61.86466644137909,0,4,good
53,female,157.7261370685859,16,0,good
54,female,114.35730459281513,10,1,bad
55,female,89.7031122655148,0,1,good
56,female,79.81366015799297,0,4,medium
57,female,111.62370349600053,7,5,very good
58,female,140.11305586134102,10,7,bad
59,female,104.22032501282885,9,3,bad
60,male,144.44829517804757,18,8,very good
61,female,76.68715515414678,0,0,medium
62,male,165.16297303549933,22,0,good
63,male,123.1415290007167,10,6,very bad
64,male,114.44838671039304,4,6,medium
65,male,158.18082850587837,22,10,very bad
66,female,149.9600376339007,12,0,very good
67,male,109.95332334935979,8,3,medium
68,female,105.75142936434057,4,1,medium
69,male,79.32433883752608,2,0,bad
70,male,74.98812408238734,0,2,very good
71,male,95.85591162870307,2,2,good
72,male,58.977526764984376,0,0,very bad
73,male,79.57795070284601,0,1,very bad
74,male,119.95190586577516,11,5,bad
75,female,174.8723403353213,24,9,very good
76,male,141.97140440665413,11,1,bad
77,female,95.89673742079896,6,3,bad
78,female,119.00900073751197,5,8,good
79,male,87.08954440465655,0,0,very bad
80,female,107.36194774553343,5,8,bad
81,female,93.65776553662135,0,3,good
82,female,142.23736107243457,17,7,very good
83,female,91.9526768036394,5,5,very good
84,female,174.64934188461783,25,6,very good
85,male,151.91547909423892,16,1,bad
86,male,100.3,3,9,very good
