id,D_incentive,D_reminder,D_incentive_reminder,Vaccinated
1,1,0,0,1
2,0,1,0,0
3,1,1,1,1
4,0,1,0,0
5,1,1,1,1
6,1,0,0,1
7,0,0,0,0
8,1,0,0,1
9,1,1,1,1
10,1,0,0,0
11,0,1,0,1
12,0,0,0,0
13,1,1,1,1
14,0,0,0,0
15,1,0,0,1
16,0,1,0,0
17,0,1,0,0
18,1,0,0,1
19,0,1,0,1
20,1,1,1,1
21,0,1,0,0
22,1,1,1,1
23,0,1,0,1
24,1,0,0,1
25,0,0,0,0
26,0,0,0,1
27,1,1,1,1
28,1,1,1,1
29,1,1,1,1
30,0,1,0,1
31,0,1,0,0
32,0,0,0,0
33,1,1,1,1
34,0,1,0,1
35,0,0,0,1
36,1,0,0,1
37,0,0,0,1
38,0,1,0,0
39,0,1,0,1
40,1,1,1,1
41,0,1,0,0
42,1,0,0,1
43,1,1,1,1
44,1,0,0,1
45,1,1,1,1
46,1,0,0,1
47,0,0,0,0
48,1,1,1,1
49,0,1,0,1
50,1,0,0,1
51,0,1,0,1
52,0,1,0,1
53,1,1,1,1
54,0,0,0,0
55,0,1,0,0
56,1,1,1,1
57,0,1,0,0
58,1,1,1,1
59,0,1,0,0
60,1,0,0,1
61,0,1,0,0
62,1,1,1,1
63,1,1,1,1
64,0,0,0,0
65,1,1,1,1
66,1,1,1,1
67,0,0,0,0
68,1,1,1,1
69,0,0,0,0
70,0,0,0,0
71,1,1,1,1
72,0,1,0,0
73,1,1,1,1
74,0,1,0,1
75,0,0,0,1
76,0,1,0,1
77,1,0,0,1
78,1,1,1,1
79,1,0,0,1
80,0,0,0,0
81,0,0,0,1
82,1,0,0,1
83,1,0,0,1
84,1,1,1,1
85,0,1,0,1
86,1,0,0,1
87,0,1,0,1
88,1,0,0,1
89,1,0,0,1
90,0,1,0,1
91,0,1,0,1
92,1,0,0,1
93,1,1,1,1
94,0,1,0,1
95,0,0,0,1
96,1,1,1,1
97,1,0,0,1
98,0,1,0,1
99,1,0,0,0
100,1,0,0,1
101,1,0,0,1
102,1,1,1,1
103,0,0,0,0
104,1,0,0,1
105,0,0,0,1
106,1,1,1,1
107,1,0,0,0
108,0,1,0,1
109,0,1,0,1
110,0,1,0,1
111,1,1,1,1
112,1,1,1,1
113,1,0,0,1
114,0,0,0,0
115,1,1,1,1
116,1,0,0,1
117,1,1,1,1
118,0,1,0,0
119,0,1,0,1
120,0,1,0,1
121,0,1,0,0
122,1,0,0,1
123,1,0,0,0
124,0,0,0,1
125,1,1,1,1
126,0,1,0,0
127,1,0,0,1
128,1,1,1,1
129,0,0,0,0
130,0,1,0,1
131,1,1,1,1
132,1,0,0,0
133,0,0,0,0
134,1,0,0,1
135,1,0,0,1
136,0,1,0,1
137,1,0,0,1
138,0,1,0,1
139,0,0,0,1
140,0,0,0,0
141,1,0,0,0
142,1,1,1,1
143,1,0,0,1
144,0,0,0,1
145,0,1,0,0
146,1,0,0,1
147,0,0,0,0
148,0,0,0,1
149,0,0,0,0
150,0,0,0,1
151,1,0,0,1
152,0,1,0,1
153,1,1,1,1
154,1,0,0,1
155,0,0,0,1
156,0,1,0,1
157,1,0,0,1
158,1,0,0,1
159,1,0,0,1
160,0,0,0,0
161,0,1,0,1
162,1,0,0,1
163,0,0,0,1
164,0,1,0,0
165,0,0,0,0
166,1,1,1,1
167,0,0,0,0
168,0,1,0,0
169,1,0,0,1
170,1,1,1,1
171,0,0,0,1
172,1,1,1,1
173,1,0,0,1
174,1,0,0,0
175,0,0,0,0
176,1,0,0,0
177,1,0,0,1
178,1,1,1,1
179,1,1,1,1
180,1,0,0,1
181,1,1,1,1
182,0,1,0,1
183,1,0,0,1
184,1,1,1,1
185,0,1,0,1
186,1,1,1,1
187,0,1,0,0
188,1,1,1,1
189,0,1,0,1
190,0,1,0,0
191,0,0,0,1
192,0,0,0,1
193,0,1,0,1
194,0,1,0,1
195,0,0,0,1
196,1,1,1,1
197,0,0,0,0
198,0,0,0,0
199,1,1,1,1
200,0,1,0,1
201,0,0,0,1
202,0,1,0,0
203,1,0,0,1
204,1,1,1,1
205,0,0,0,1
206,0,0,0,1
207,0,0,0,0
208,1,1,1,1
209,0,0,0,0
210,0,0,0,0
211,1,1,1,1
212,1,1,1,1
213,1,1,1,1
214,0,0,0,0
215,0,1,0,1
216,1,0,0,1
217,1,0,0,0
218,0,0,0,0
219,1,0,0,1
220,1,1,1,1
221,1,0,0,1
222,0,0,0,0
223,0,1,0,1
224,0,0,0,1
225,1,0,0,1
226,1,1,1,1
227,1,0,0,1
228,1,0,0,1
229,0,1,0,0
230,1,0,0,1
231,1,0,0,1
232,0,0,0,1
233,0,0,0,0
234,0,1,0,1
235,0,1,0,0
236,1,1,1,1
237,1,0,0,1
238,1,0,0,1
239,1,0,0,1
240,1,1,1,1
241,1,1,1,1
242,1,0,0,1
243,0,1,0,1
244,0,0,0,0
245,1,1,1,1
246,1,1,1,1
247,0,0,0,1
248,0,1,0,1
249,1,1,1,1
250,0,0,0,1
251,1,1,1,1
252,1,1,1,1
253,0,1,0,0
254,1,0,0,1
255,1,1,1,1
256,0,0,0,0
257,1,0,0,1
258,0,1,0,1
259,0,1,0,1
260,0,1,0,1
261,0,0,0,1
262,1,1,1,1
263,1,0,0,1
264,0,1,0,1
265,1,1,1,1
266,0,1,0,1
267,1,1,1,1
268,1,1,1,1
269,0,0,0,0
270,0,0,0,0
271,0,0,0,1
272,1,1,1,1
273,1,1,1,1
274,0,0,0,1
275,0,0,0,1
276,0,1,0,1
277,1,0,0,1
278,0,1,0,1
279,1,0,0,1
280,1,0,0,1
281,1,0,0,0
282,1,1,1,1
283,1,1,1,1
284,0,0,0,1
285,0,0,0,1
286,0,1,0,1
287,1,1,1,1
288,1,1,1,1
289,1,0,0,0
290,0,0,0,0
291,0,1,0,1
292,1,1,1,1
293,0,1,0,1
294,1,1,1,1
295,0,1,0,1
296,1,1,1,1
297,0,1,0,1
298,1,0,0,0
299,1,0,0,1
300,1,0,0,1
301,1,1,1,1
302,1,0,0,1
303,0,1,0,1
304,0,1,0,0
305,0,1,0,0
306,1,0,0,1
307,0,1,0,1
308,1,0,0,1
309,0,0,0,1
310,1,0,0,1
311,0,0,0,1
312,1,1,1,1
313,0,1,0,1
314,1,1,1,1
315,0,0,0,1
316,1,0,0,1
317,1,1,1,1
318,1,0,0,1
319,1,0,0,1
320,0,1,0,1
321,0,1,0,1
322,1,0,0,1
323,1,1,1,1
324,0,1,0,1
325,1,0,0,1
326,1,0,0,1
327,0,1,0,0
328,1,0,0,1
329,1,0,0,0
330,1,1,1,1
331,0,1,0,1
332,1,0,0,1
333,1,1,1,1
334,0,0,0,1
335,1,1,1,1
336,1,1,1,1
337,0,0,0,1
338,1,1,1,1
339,0,1,0,0
340,0,1,0,1
341,0,1,0,1
342,1,1,1,1
343,1,1,1,1
344,1,0,0,1
345,0,0,0,0
346,1,0,0,1
347,0,1,0,1
348,0,1,0,1
349,1,1,1,1
350,0,0,0,0
351,1,0,0,1
352,0,0,0,1
353,0,1,0,1
354,0,0,0,1
355,1,1,1,1
356,0,1,0,0
357,0,1,0,1
358,1,1,1,1
359,1,0,0,1
360,1,0,0,1
361,0,1,0,1
362,0,1,0,1
363,0,0,0,0
364,1,0,0,1
365,1,0,0,0
366,1,0,0,1
367,1,0,0,1
368,0,1,0,1
369,1,0,0,1
370,0,0,0,0
371,1,1,1,1
372,1,0,0,1
373,0,0,0,0
374,1,1,1,1
375,1,1,1,1
376,0,1,0,1
377,0,1,0,0
378,1,0,0,1
379,1,0,0,1
380,1,1,1,1
381,0,1,0,1
382,0,0,0,0
383,1,0,0,1
384,1,0,0,1
385,0,1,0,0
386,0,0,0,0
387,0,1,0,1
388,1,1,1,1
389,1,0,0,1
390,1,1,1,1
391,0,1,0,1
392,0,1,0,0
393,0,0,0,0
394,1,0,0,1
395,1,1,1,1
396,0,1,0,0
397,0,1,0,0
398,1,0,0,1
399,0,1,0,1
400,0,1,0,0
401,0,0,0,0
402,0,0,0,1
403,0,1,0,0
404,0,1,0,1
405,0,1,0,1
406,1,0,0,1
407,1,0,0,1
408,1,0,0,1
409,1,0,0,1
410,1,0,0,1
411,1,0,0,1
412,0,1,0,1
413,0,0,0,1
414,0,0,0,0
415,1,1,1,1
416,1,0,0,1
417,1,1,1,1
418,0,0,0,0
419,1,1,1,1
420,1,0,0,1
421,0,1,0,0
422,0,1,0,0
423,1,0,0,1
424,0,0,0,1
425,0,1,0,1
426,0,0,0,0
427,0,1,0,1
428,0,0,0,0
429,0,0,0,0
430,1,0,0,1
431,0,0,0,1
432,1,0,0,1
433,0,0,0,1
434,0,1,0,1
435,0,1,0,0
436,1,0,0,0
437,1,0,0,1
438,1,1,1,1
439,1,1,1,1
440,1,1,1,1
441,0,1,0,0
442,1,1,1,1
443,0,1,0,1
444,1,0,0,1
445,0,1,0,1
446,0,0,0,1
447,0,0,0,0
448,1,1,1,1
449,1,0,0,1
450,0,0,0,0
451,1,1,1,1
452,0,0,0,0
453,1,0,0,1
454,0,1,0,1
455,1,1,1,1
456,1,0,0,1
457,1,0,0,1
458,0,1,0,1
459,0,0,0,1
460,0,1,0,0
461,1,0,0,1
462,1,0,0,1
463,1,1,1,1
464,1,0,0,1
465,0,1,0,1
466,1,1,1,1
467,0,0,0,0
468,0,1,0,1
469,0,0,0,1
470,0,0,0,1
471,0,0,0,1
472,1,0,0,1
473,0,1,0,0
474,1,0,0,0
475,1,0,0,1
476,0,1,0,1
477,0,0,0,0
478,0,0,0,0
479,1,1,1,1
480,1,1,1,1
481,1,0,0,1
482,1,1,1,1
483,1,0,0,1
484,0,1,0,1
485,1,0,0,1
486,1,1,1,1
487,1,1,1,1
488,1,1,1,1
489,1,0,0,1
490,0,1,0,0
491,1,1,1,1
492,1,0,0,1
493,0,1,0,1
494,1,0,0,1
495,0,0,0,1
496,0,0,0,0
497,0,0,0,1
498,1,0,0,1
499,0,0,0,1
500,0,1,0,0
501,1,1,1,1
502,1,1,1,1
503,0,1,0,0
504,0,1,0,0
505,1,0,0,1
506,1,1,1,1
507,1,0,0,1
508,0,1,0,1
509,0,0,0,1
510,1,1,1,1
511,1,1,1,1
512,0,0,0,0
513,0,1,0,0
514,1,0,0,0
515,1,1,1,1
516,1,0,0,1
517,0,1,0,1
518,0,0,0,0
519,0,1,0,1
520,0,0,0,0
521,1,1,1,1
522,1,0,0,1
523,0,1,0,1
524,0,0,0,0
525,1,1,1,1
526,0,1,0,1
527,0,1,0,0
528,1,0,0,1
529,0,1,0,1
530,1,0,0,1
531,1,0,0,1
532,0,1,0,0
533,1,1,1,1
534,0,1,0,0
535,1,0,0,1
536,1,1,1,1
537,1,0,0,1
538,1,0,0,1
539,1,1,1,1
540,1,1,1,1
541,0,0,0,0
542,0,0,0,1
543,0,1,0,0
544,0,0,0,1
545,1,1,1,1
546,0,1,0,0
547,0,1,0,0
548,0,1,0,1
549,0,0,0,0
550,1,0,0,1
551,0,1,0,1
552,0,0,0,0
553,1,0,0,1
554,0,1,0,1
555,1,0,0,0
556,0,1,0,0
557,1,0,0,1
558,0,1,0,1
559,1,1,1,1
560,0,0,0,0
561,0,1,0,0
562,0,1,0,0
563,0,1,0,0
564,0,0,0,0
565,0,1,0,1
566,1,0,0,1
567,0,1,0,1
568,0,0,0,1
569,1,0,0,1
570,0,0,0,1
571,0,1,0,1
572,0,0,0,0
573,1,1,1,1
574,1,0,0,0
575,0,0,0,1
576,0,1,0,1
577,1,1,1,1
578,1,0,0,1
579,1,1,1,1
580,0,0,0,0
581,0,0,0,0
582,0,1,0,0
583,0,0,0,1
584,0,1,0,1
585,0,0,0,1
586,1,0,0,1
587,1,1,1,1
588,0,0,0,1
589,0,0,0,1
590,0,0,0,0
591,1,0,0,1
592,0,1,0,1
593,1,1,1,1
594,0,1,0,0
595,1,0,0,1
596,1,0,0,1
597,0,0,0,1
598,0,0,0,1
599,1,0,0,1
600,0,1,0,0
601,1,1,1,1
602,0,1,0,0
603,0,1,0,0
604,0,1,0,1
605,0,0,0,1
606,0,1,0,1
607,0,1,0,0
608,1,1,1,1
609,0,1,0,1
610,1,1,1,1
611,0,0,0,0
612,1,0,0,0
613,1,0,0,1
614,1,1,1,1
615,0,0,0,1
616,0,0,0,0
617,1,0,0,1
618,0,1,0,0
619,1,1,1,1
620,1,1,1,1
621,1,1,1,1
622,0,0,0,0
623,1,1,1,1
624,1,1,1,1
625,1,1,1,1
626,0,1,0,1
627,1,1,1,1
628,1,0,0,0
629,1,1,1,1
630,0,0,0,1
631,0,0,0,0
632,0,1,0,0
633,0,0,0,1
634,1,0,0,1
635,1,0,0,1
636,1,1,1,1
637,1,1,1,1
638,1,0,0,1
639,1,1,1,1
640,0,1,0,0
641,0,1,0,0
642,0,0,0,0
643,1,0,0,1
644,0,1,0,1
645,1,1,1,1
646,0,1,0,0
647,1,1,1,1
648,1,0,0,1
649,1,1,1,1
650,0,0,0,1
651,0,0,0,1
652,1,1,1,1
653,0,0,0,0
654,0,0,0,0
655,0,1,0,1
656,1,0,0,1
657,0,1,0,0
658,1,0,0,1
659,0,1,0,0
660,0,0,0,1
661,1,0,0,1
662,1,1,1,1
663,1,0,0,1
664,1,0,0,1
665,1,0,0,1
666,0,0,0,0
667,1,1,1,1
668,1,1,1,1
669,1,1,1,1
670,1,0,0,0
671,1,0,0,1
672,0,0,0,1
673,1,0,0,0
674,0,0,0,0
675,0,1,0,0
676,0,0,0,0
677,0,0,0,1
678,1,1,1,1
679,1,1,1,1
680,0,0,0,1
681,1,0,0,0
682,0,1,0,1
683,0,0,0,0
684,0,0,0,0
685,0,1,0,0
686,0,0,0,1
687,0,1,0,1
688,0,1,0,0
689,1,1,1,1
690,0,0,0,1
691,1,1,1,1
692,1,0,0,1
693,0,0,0,0
694,0,0,0,0
695,1,1,1,1
696,1,1,1,1
697,1,1,1,1
698,1,1,1,1
699,0,1,0,1
700,0,0,0,0
701,0,1,0,1
702,0,0,0,0
703,0,0,0,0
704,0,0,0,1
705,1,1,1,1
706,0,0,0,0
707,1,0,0,1
708,0,1,0,0
709,1,1,1,1
710,0,1,0,0
711,0,0,0,1
712,1,0,0,1
713,0,1,0,1
714,1,1,1,1
715,0,1,0,1
716,1,0,0,1
717,1,0,0,1
718,0,1,0,1
719,1,1,1,1
720,0,0,0,1
721,0,0,0,1
722,1,0,0,1
723,0,0,0,0
724,1,1,1,1
725,0,0,0,1
726,0,0,0,0
727,1,1,1,1
728,0,1,0,0
729,0,1,0,1
730,1,0,0,1
731,0,0,0,0
732,1,0,0,1
733,0,0,0,1
734,1,1,1,1
735,1,1,1,1
736,0,1,0,1
737,1,0,0,1
738,1,0,0,1
739,0,0,0,1
740,1,0,0,1
741,0,0,0,0
742,1,0,0,1
743,0,0,0,1
744,1,1,1,1
745,0,0,0,0
746,0,1,0,1
747,0,0,0,0
748,0,0,0,1
749,0,0,0,1
750,1,1,1,1
751,0,1,0,1
752,0,1,0,1
753,0,1,0,0
754,0,1,0,1
755,1,0,0,1
756,1,0,0,0
757,0,0,0,0
758,0,0,0,0
759,1,0,0,1
760,0,0,0,1
761,1,1,1,1
762,0,0,0,1
763,0,1,0,1
764,0,1,0,1
765,1,0,0,1
766,0,1,0,1
767,1,1,1,1
768,1,1,1,1
769,0,0,0,0
770,1,0,0,1
771,1,1,1,1
772,1,0,0,1
773,1,1,1,1
774,1,0,0,1
775,0,0,0,1
776,1,0,0,1
777,0,0,0,1
778,0,0,0,1
779,1,0,0,1
780,0,1,0,1
781,0,1,0,1
782,1,0,0,0
783,1,1,1,1
784,1,0,0,1
785,1,1,1,1
786,1,1,1,1
787,0,0,0,1
788,1,0,0,1
789,0,1,0,1
790,0,1,0,1
791,1,1,1,1
792,0,0,0,1
793,1,1,1,1
794,0,1,0,0
795,0,0,0,0
796,1,0,0,1
797,0,1,0,1
798,0,0,0,1
799,1,1,1,1
800,0,0,0,1
801,1,0,0,1
802,1,0,0,1
803,1,0,0,1
804,1,1,1,1
805,1,1,1,1
806,1,0,0,1
807,1,0,0,1
808,0,1,0,1
809,1,0,0,1
810,1,0,0,1
811,0,1,0,0
812,1,0,0,1
813,1,0,0,1
814,1,0,0,1
815,0,1,0,0
816,1,0,0,0
817,0,0,0,0
818,0,1,0,1
819,0,0,0,1
820,1,0,0,1
821,1,1,1,1
822,0,0,0,0
823,1,1,1,1
824,1,0,0,1
825,0,1,0,1
826,0,0,0,1
827,1,1,1,1
828,0,0,0,0
829,0,0,0,0
830,1,0,0,0
831,0,1,0,0
832,0,0,0,1
833,1,1,1,1
834,1,1,1,1
835,0,0,0,1
836,1,1,1,1
837,1,1,1,1
838,0,1,0,0
839,0,0,0,1
840,0,1,0,1
841,1,1,1,1
842,1,0,0,1
843,1,0,0,1
844,0,1,0,0
845,0,1,0,0
846,1,1,1,1
847,1,0,0,1
848,0,0,0,1
849,1,1,1,1
850,0,1,0,1
851,0,0,0,1
852,1,1,1,1
853,0,1,0,1
854,1,1,1,1
855,1,0,0,1
856,0,0,0,0
857,0,1,0,1
858,1,1,1,1
859,0,1,0,1
860,0,1,0,1
861,0,0,0,1
862,0,1,0,0
863,0,1,0,1
864,0,0,0,0
865,0,0,0,1
866,0,0,0,0
867,1,1,1,1
868,1,1,1,1
869,1,1,1,1
870,1,1,1,1
871,1,0,0,1
872,0,1,0,1
873,1,0,0,1
874,1,1,1,1
875,0,0,0,1
876,0,1,0,1
877,0,0,0,1
878,1,1,1,1
879,0,1,0,0
880,0,0,0,0
881,0,1,0,0
882,0,1,0,1
883,0,0,0,1
884,1,0,0,1
885,0,0,0,1
886,1,1,1,1
887,1,1,1,1
888,1,0,0,1
889,0,1,0,1
890,0,0,0,1
891,1,1,1,1
892,1,0,0,1
893,0,0,0,1
894,1,1,1,1
895,0,0,0,1
896,0,1,0,1
897,1,1,1,1
898,0,1,0,0
899,0,0,0,1
900,0,0,0,1
901,1,1,1,1
902,1,1,1,1
903,1,1,1,1
904,0,1,0,1
905,1,0,0,1
906,1,0,0,0
907,0,0,0,0
908,0,0,0,1
909,1,1,1,1
910,0,1,0,1
911,1,1,1,1
912,0,1,0,1
913,0,1,0,1
914,0,0,0,0
915,1,1,1,1
916,0,1,0,1
917,1,0,0,1
918,0,0,0,0
919,0,1,0,1
920,0,1,0,1
921,0,0,0,1
922,1,0,0,1
923,0,0,0,1
924,1,1,1,1
925,1,1,1,1
926,0,1,0,0
927,0,0,0,1
928,0,1,0,0
929,1,1,1,1
930,0,0,0,1
931,1,0,0,1
932,1,1,1,1
933,1,1,1,1
934,1,0,0,1
935,1,0,0,0
936,1,0,0,1
937,0,0,0,1
938,1,0,0,1
939,0,1,0,1
940,0,0,0,0
941,0,1,0,1
942,1,0,0,1
943,1,1,1,1
944,1,0,0,1
945,1,0,0,1
946,1,1,1,1
947,0,0,0,0
948,0,0,0,1
949,0,0,0,1
950,1,1,1,1
951,0,0,0,1
952,1,1,1,1
953,0,0,0,0
954,0,0,0,1
955,1,1,1,1
956,0,0,0,0
957,0,0,0,1
958,0,1,0,0
959,1,1,1,1
960,0,0,0,1
961,0,0,0,0
962,0,1,0,0
963,0,0,0,1
964,0,1,0,0
965,1,1,1,1
966,1,1,1,1
967,1,0,0,1
968,0,1,0,1
969,1,0,0,1
970,0,0,0,0
971,1,1,1,1
972,1,0,0,1
973,0,0,0,0
974,0,1,0,0
975,1,0,0,1
976,1,1,1,1
977,1,0,0,1
978,1,0,0,1
979,1,0,0,1
980,1,1,1,1
981,0,0,0,0
982,0,0,0,0
983,1,1,1,1
984,1,1,1,1
985,1,0,0,1
986,0,0,0,0
987,1,0,0,1
988,0,0,0,1
989,1,1,1,1
990,1,0,0,1
991,1,1,1,1
992,0,1,0,0
993,0,0,0,1
994,0,1,0,0
995,1,1,1,1
996,1,0,0,1
997,0,1,0,1
998,0,1,0,1
999,0,1,0,1
1000,1,0,0,1
1001,0,1,0,1
1002,1,1,1,1
1003,1,1,1,1
1004,0,0,0,0
1005,0,1,0,1
1006,1,1,1,1
1007,1,0,0,1
1008,0,1,0,1
1009,1,1,1,1
1010,0,1,0,1
1011,0,0,0,1
1012,1,0,0,1
1013,1,1,1,1
1014,1,0,0,1
1015,1,0,0,1
1016,0,1,0,1
1017,1,1,1,1
1018,1,0,0,1
1019,1,1,1,1
1020,1,1,1,1
1021,1,0,0,0
1022,0,0,0,0
1023,0,1,0,1
1024,0,0,0,0
1025,1,0,0,1
1026,1,0,0,1
1027,0,1,0,1
1028,1,1,1,1
1029,0,0,0,0
1030,0,1,0,0
1031,0,0,0,1
1032,0,0,0,1
1033,1,1,1,1
1034,1,0,0,1
