treat,role,male,live_far,attrite_perc
1,1,1,0,0
1,1,1,1,0
0,0,1,0,0
0,0,1,1,0
0,0,1,0,0
1,0,0,0,0
1,1,1,0,0
0,0,1,0,0
1,1,1,0,0
1,1,1,1,0
1,1,0,1,0
1,1,0,1,0
0,0,1,1,0
1,0,1,1,0
0,0,1,1,0
1,0,1,1,0
1,0,1,0,0
0,0,1,0,0
1,1,0,1,0
1,1,0,1,0
0,0,0,1,0
0,1,1,0,0
1,0,0,1,0
1,0,0,1,0
0,1,1,0,0
1,0,1,1,0
1,0,1,0,0
0,1,1,0,0
0,0,1,0,100
1,1,1,1,0
1,0,1,1,0
1,1,1,0,0
0,0,1,0,0
1,0,1,0,0
0,0,0,1,0
0,1,1,0,0
0,1,1,0,0
1,0,0,0,0
1,1,1,0,0
1,0,1,0,0
0,0,1,1,0
1,1,1,0,0
0,0,1,1,0
1,1,0,0,0
1,0,1,1,0
0,1,0,1,0
0,0,1,0,0
0,0,1,0,0
1,0,1,1,0
1,0,1,0,0
0,0,1,0,0
1,0,1,1,0
0,0,0,0,0
1,0,1,0,0
0,1,1,0,0
0,1,1,0,0
0,0,0,1,0
0,0,0,1,0
1,0,0,1,0
0,0,0,1,0
0,0,0,1,0
1,0,1,0,0
0,0,1,1,0
0,0,1,0,0
0,0,1,1,100
1,0,0,0,0
1,0,1,0,0
0,0,1,1,0
0,1,1,0,0
1,0,1,0,0
0,1,1,0,0
1,0,0,0,0
1,0,1,0,0
0,0,1,1,0
0,1,1,1,0
0,1,1,1,0
1,1,1,1,0
0,1,1,1,0
1,0,1,1,0
0,0,0,0,0
1,0,0,0,0
0,0,1,0,0
1,1,1,1,0
1,0,1,1,0
0,1,1,0,0
0,0,1,0,0
0,0,1,1,0
0,0,0,0,100
0,0,1,0,0
0,0,1,0,0
1,0,1,0,0
1,0,0,1,0
1,0,1,0,0
0,1,0,0,0
0,0,0,0,0
1,0,0,0,0
0,1,0,1,0
1,0,0,1,0
1,0,0,1,0
0,1,0,1,0
0,0,0,0,0
0,0,1,0,0
1,0,0,1,0
0,0,1,0,0
0,0,0,1,0
0,0,0,1,0
1,0,0,1,0
1,0,1,1,0
0,0,1,1,0
0,1,1,0,0
1,1,1,1,0
1,0,0,1,0
1,0,0,0,0
0,0,0,1,0
1,0,1,0,0
1,0,1,1,0
0,1,1,0,0
1,0,0,1,0
1,1,1,0,100
0,0,1,1,0
0,0,0,1,0
0,0,1,0,0
0,0,1,1,0
0,0,1,0,0
1,0,1,0,0
1,0,0,0,0
0,1,1,1,0
0,0,0,1,0
0,1,1,0,0
1,0,1,NA,0
0,0,1,1,0
1,0,1,1,0
0,0,1,0,0
0,0,1,0,0
1,0,1,1,0
1,0,0,0,0
1,0,0,0,0
0,0,1,1,0
1,1,0,0,0
1,1,1,1,0
1,1,1,0,0
0,0,1,0,0
0,0,1,0,0
0,0,1,0,0
0,0,1,0,0
1,0,1,1,0
1,1,1,1,0
1,0,1,0,0
1,0,0,0,0
0,0,1,0,0
0,0,1,1,0
0,0,1,NA,0
0,0,1,1,0
0,0,1,1,0
1,0,1,0,0
1,0,1,1,0
1,0,0,0,0
0,0,1,1,0
0,0,1,0,100
0,0,1,1,0
0,0,0,0,0
1,0,1,0,0
1,0,0,1,0
0,0,1,1,0
0,0,0,0,0
1,0,1,1,0
0,0,0,0,0
1,0,1,1,0
1,0,1,NA,0
0,0,0,1,100
0,0,1,0,0
1,0,1,NA,0
0,0,1,0,0
1,1,0,1,0
1,0,1,1,0
1,0,0,0,0
1,0,1,0,0
1,0,0,1,0
0,0,1,1,0
1,0,1,0,0
1,0,0,0,0
0,0,1,NA,0
1,0,1,0,0
0,1,1,0,0
1,0,1,0,100
0,0,1,0,0
1,0,0,0,0
1,0,0,0,0
1,0,1,NA,100
1,0,1,0,0
0,0,1,0,0
0,1,1,1,0
0,0,0,0,100
0,0,1,NA,0
0,0,1,1,0
0,0,1,NA,0
1,0,1,1,0
0,0,1,1,0
1,0,0,0,0
1,0,0,1,0
0,0,1,0,0
0,0,1,0,0
1,0,1,NA,0
1,1,1,1,0
0,0,0,1,0
1,0,1,0,0
0,0,1,1,0
0,0,0,NA,0
1,0,1,0,0
1,0,1,0,0
1,1,1,1,0
0,0,0,1,0
0,0,0,0,0
0,1,1,1,0
1,1,1,1,0
0,0,1,1,100
1,0,1,1,0
0,0,1,0,0
1,1,0,1,0
1,0,1,1,0
0,1,1,0,0
0,1,1,0,0
0,0,1,0,0
0,0,1,0,0
0,1,0,1,0
0,0,0,1,0
1,1,1,NA,0
1,0,1,1,0
0,0,1,1,0
0,0,0,1,0
1,0,1,1,0
0,1,1,1,0
0,0,0,0,0
0,0,1,1,0
1,0,0,1,0
1,0,1,1,0
1,0,1,1,0
0,1,1,NA,0
0,0,1,0,0
0,0,0,0,0
1,0,1,0,0
0,0,1,1,0
0,1,0,0,0
0,0,1,1,0
0,0,1,0,0
0,1,1,0,0
1,0,0,0,0
1,0,1,0,0
0,0,1,1,100
0,0,1,1,0
1,0,1,0,0
0,0,1,0,0
1,0,1,0,0
1,0,1,1,0
1,0,1,1,0
1,0,1,0,0
1,1,1,0,0
0,0,1,1,100
1,0,1,0,0
0,0,1,0,0
1,1,1,NA,0
0,0,1,0,0
1,1,1,NA,0
0,1,0,NA,0
0,1,1,NA,0
0,1,0,NA,0
1,1,1,NA,0
1,0,1,NA,0
1,0,1,NA,0
0,1,1,1,0
0,1,0,1,0
1,1,1,NA,0
0,1,0,1,0
1,1,0,NA,0
1,1,0,1,0
1,0,1,NA,0
0,1,0,NA,0
0,1,0,NA,0
0,1,0,1,0
1,0,0,NA,0
0,0,1,0,0
1,0,1,NA,0
0,0,0,NA,0
0,0,1,NA,0
0,0,0,NA,0
0,0,1,1,100
0,1,1,NA,0
0,1,0,NA,0
1,0,0,NA,0
1,0,1,NA,0
1,0,0,NA,0
0,1,0,0,0
1,0,1,NA,0
0,0,0,NA,0
1,0,1,NA,100
0,1,1,0,0
0,0,0,NA,0
0,0,1,1,0
0,1,1,NA,0
0,0,1,NA,0
0,0,1,0,0
1,0,1,1,0
1,0,0,1,0
1,0,1,NA,0
0,0,1,0,0
0,1,0,0,0
1,0,0,NA,0
0,1,1,NA,0
1,0,1,1,0
1,0,0,0,0
0,1,1,NA,0
1,1,1,0,0
0,1,1,NA,0
1,0,0,NA,0
0,0,1,NA,0
1,1,1,1,0
0,1,1,0,0
0,0,1,NA,0
0,1,1,NA,0
0,1,0,NA,0
1,0,0,1,0
1,0,1,NA,0
0,1,1,0,0
0,0,0,NA,0
0,1,0,0,0
1,0,1,NA,0
0,0,1,NA,0
0,0,0,NA,0
1,1,1,1,0
0,0,1,1,0
1,1,0,NA,0
1,0,1,1,0
0,0,1,NA,0
1,0,1,NA,0
0,0,1,0,0
0,0,1,NA,0
1,0,0,0,0
1,1,1,NA,0
1,1,1,0,0
1,1,1,0,0
0,1,1,NA,0
1,0,0,NA,0
1,0,1,0,0
1,1,1,0,0
0,0,1,NA,0
1,0,1,0,0
1,0,1,NA,0
1,0,0,NA,100
0,1,1,0,0
0,1,1,0,0
0,1,1,0,0
0,0,1,0,0
0,0,1,0,0
1,0,1,NA,0
0,0,1,NA,100
0,1,1,NA,0
1,1,0,0,0
1,0,1,NA,0
0,0,1,0,0
0,0,0,0,0
0,0,1,1,100
0,0,1,1,0
0,0,1,0,0
0,0,0,0,0
1,0,0,0,0
1,1,1,NA,0
1,0,1,NA,0
0,1,1,NA,0
1,0,1,NA,0
0,0,1,NA,0
1,0,1,NA,0
1,1,1,1,0
1,1,0,1,0
1,0,0,1,0
0,0,1,NA,0
0,1,1,NA,0
1,1,1,0,0
0,0,1,NA,0
1,1,1,NA,0
0,0,1,1,0
0,0,1,NA,0
0,1,0,NA,0
1,0,1,NA,0
0,1,1,1,0
0,1,1,1,0
1,0,1,NA,0
1,0,0,NA,0
0,0,0,0,0
1,0,1,NA,0
1,0,1,NA,0
1,0,0,NA,0
0,0,0,NA,0
1,0,1,1,0
0,0,1,1,0
1,0,1,0,100
0,0,1,1,0
1,1,1,NA,0
0,0,0,0,0
1,0,1,NA,0
0,0,1,NA,0
0,1,1,NA,0
0,1,1,0,0
1,0,1,1,0
1,0,1,NA,0
1,0,0,1,0
0,0,0,0,0
0,0,1,NA,0
0,0,1,NA,0
1,0,1,NA,0
1,0,1,1,0
0,0,1,NA,0
1,1,1,1,0
0,0,1,NA,0
0,0,1,NA,0
1,1,1,0,0
1,0,1,1,0
1,1,1,0,0
0,0,0,NA,0
0,1,1,NA,0
0,0,0,1,0
0,0,1,1,0
1,0,1,NA,0
1,0,1,NA,0
0,1,1,0,0
0,0,0,NA,100
0,0,1,0,0
0,0,0,1,0
0,1,0,0,0
1,0,1,1,0
0,0,0,NA,0
1,1,1,NA,0
0,1,1,0,0
0,1,0,NA,0
1,0,0,NA,0
0,0,1,1,0
1,1,1,NA,0
0,0,0,NA,0
1,0,0,0,0
1,0,0,NA,0
0,0,1,NA,100
1,0,1,NA,0
0,0,1,NA,0
0,0,1,NA,0
1,0,1,NA,0
0,0,0,NA,0
0,0,1,NA,0
0,0,1,NA,0
1,0,1,1,0
1,0,1,0,0
0,0,1,0,0
1,0,1,0,0
0,1,1,0,0
1,0,0,NA,0
0,1,0,NA,100
1,1,1,0,0
0,1,1,NA,0
1,0,1,NA,0
1,0,1,NA,0
1,1,1,NA,0
0,0,0,1,0
1,1,1,NA,0
0,0,0,NA,0
0,1,0,NA,0
0,0,1,NA,0
0,1,1,NA,0
0,0,1,NA,0
1,0,0,NA,0
0,1,0,NA,0
0,0,1,NA,0
1,0,1,NA,0
0,0,0,1,0
0,0,1,0,0
1,0,1,0,0
0,0,1,0,0
1,0,1,NA,0
0,1,1,NA,0
0,0,1,NA,0
1,0,0,NA,0
1,1,1,0,0
0,1,0,0,0
1,0,1,NA,0
0,0,0,1,0
0,0,0,NA,100
1,0,0,NA,0
1,0,0,1,0
0,1,1,NA,0
0,0,1,NA,0
1,0,1,NA,0
1,0,1,1,0
1,0,0,0,0
1,0,1,1,0
1,0,0,1,0
1,0,1,NA,0
1,0,1,1,0
0,0,1,0,0
0,0,1,1,0
0,0,1,1,0
0,0,1,1,0
1,0,1,0,0
1,0,1,NA,100
0,0,1,NA,0
0,0,0,NA,0
1,0,0,1,0
0,0,0,0,0
0,0,1,1,0
1,1,0,0,0
1,0,0,NA,100
0,0,0,0,0
1,0,0,NA,0
1,0,1,NA,0
0,0,1,NA,0
1,1,1,1,0
1,1,1,NA,0
1,0,1,0,0
1,0,1,0,0
1,1,1,0,0
0,0,0,1,0
0,0,1,0,0
1,0,1,0,0
0,1,1,NA,0
0,0,1,0,0
1,0,0,0,0
0,0,1,1,0
1,0,1,NA,0
1,0,1,1,0
1,0,0,NA,100
0,1,1,0,0
1,0,0,1,0
1,0,1,0,0
0,0,1,NA,0
1,0,1,NA,0
1,0,1,1,0
1,0,0,NA,100
0,0,1,0,0
0,0,1,0,0
1,0,0,1,0
0,0,1,NA,0
0,0,1,NA,0
1,0,1,1,100
1,0,0,NA,0
1,1,0,NA,0
1,0,1,1,0
0,1,0,0,0
0,1,0,NA,0
0,1,0,NA,0
1,0,0,NA,0
0,0,0,NA,0
0,1,0,1,0
0,1,0,NA,0
1,1,0,NA,0
1,0,1,NA,0
1,1,0,NA,0
1,1,1,1,0
1,0,0,0,0
0,0,0,NA,0
0,0,0,0,0
1,0,0,1,0
1,0,1,NA,0
0,1,0,NA,0
0,0,1,NA,0
1,0,0,1,0
0,0,0,1,0
1,1,1,1,0
0,0,0,NA,0
1,0,1,NA,0
0,1,0,NA,0
0,1,1,NA,0
0,0,0,1,0
1,0,1,NA,0
1,1,1,1,0
1,0,0,0,0
0,0,1,1,100
0,0,1,NA,0
1,1,0,NA,0
1,0,0,1,0
0,1,1,NA,0
0,1,0,NA,0
0,0,1,NA,0
1,1,0,NA,0
1,0,1,NA,0
0,0,1,0,0
0,0,1,NA,0
0,0,1,NA,0
1,0,1,1,0
1,0,0,NA,0
1,0,1,NA,0
1,0,1,NA,0
0,0,0,NA,0
0,1,1,NA,0
1,0,0,1,0
1,1,1,NA,0
1,0,0,NA,0
1,1,0,1,0
0,0,1,NA,0
0,0,1,0,0
0,0,1,NA,0
1,0,1,0,0
0,0,0,NA,0
0,0,1,NA,0
1,0,0,0,0
0,1,1,1,100
0,1,1,NA,0
1,0,0,NA,0
1,0,0,1,0
0,0,1,0,0
0,0,0,NA,0
0,1,1,0,0
1,0,1,0,0
1,1,1,1,0
0,0,0,1,0
0,1,1,NA,0
1,1,1,NA,0
1,0,1,NA,0
0,1,1,NA,0
0,0,1,0,100
1,0,1,1,0
0,0,1,NA,0
0,0,1,1,0
0,0,0,1,0
1,0,1,1,0
0,0,0,NA,100
1,0,0,NA,0
1,0,0,NA,0
1,0,1,NA,0
1,1,0,1,0
1,0,0,NA,0
0,0,0,1,0
0,0,1,NA,0
0,0,1,NA,0
1,1,1,1,0
0,0,1,NA,0
0,0,1,NA,0
0,1,1,0,0
1,0,0,0,0
1,0,0,0,0
0,0,0,NA,0
0,1,1,0,0
1,0,1,0,0
0,1,1,NA,0
1,1,1,NA,0
1,0,1,1,0
1,1,1,NA,0
0,0,1,NA,0
0,1,1,0,0
1,0,0,1,0
0,1,1,NA,0
1,1,1,0,0
0,1,1,NA,0
1,0,1,NA,0
1,0,0,NA,0
0,0,1,NA,100
1,1,1,1,0
0,1,0,NA,0
1,1,1,NA,100
0,1,1,NA,0
0,0,1,0,0
0,0,1,NA,0
1,0,1,NA,0
0,1,1,1,0
0,0,1,1,0
1,1,1,NA,0
1,0,1,NA,0
0,0,1,NA,0
0,1,1,1,0
1,0,0,NA,0
1,1,1,1,0
1,1,0,1,0
0,1,1,NA,0
0,1,1,NA,0
0,0,0,NA,0
1,1,0,NA,0
1,0,1,1,0
1,1,1,NA,0
0,1,1,1,0
0,0,1,1,0
1,1,1,0,0
1,1,1,1,0
0,1,1,NA,0
0,0,1,1,0
1,0,1,1,0
0,0,1,NA,0
0,1,0,0,0
0,0,1,1,100
0,0,1,NA,0
0,0,1,NA,0
0,0,0,NA,100
0,0,0,NA,0
1,0,0,0,0
0,1,0,NA,0
1,1,0,1,0
0,1,1,NA,0
0,0,1,0,0
1,0,0,NA,0
1,0,1,NA,0
1,0,1,NA,100
0,0,1,1,0
1,0,1,NA,100
0,0,0,1,0
1,0,1,0,100
0,0,1,NA,100
1,1,1,1,0
0,0,0,NA,0
1,0,0,0,100
0,1,0,0,0
1,0,1,NA,0
1,0,0,0,0
1,0,1,NA,0
0,0,1,NA,100
1,0,1,NA,0
1,0,1,1,0
1,0,1,NA,100
1,0,1,0,0
1,0,1,NA,100
1,0,1,NA,0
0,0,1,0,100
0,0,0,NA,0
0,0,1,NA,0
0,0,0,NA,0
1,0,1,0,0
1,0,1,NA,0
0,0,1,1,0
1,0,0,NA,0
1,0,1,NA,0
1,0,0,NA,0
0,1,1,0,0
1,0,1,NA,0
1,0,1,1,0
0,1,1,1,0
0,0,0,NA,0
0,0,0,NA,0
1,0,1,NA,100
1,1,0,NA,0
0,0,1,NA,0
0,0,1,1,0
1,0,1,NA,0
1,0,1,NA,0
1,0,1,0,0
1,0,1,NA,0
1,0,1,NA,0
1,0,0,NA,0
1,0,1,NA,0
0,0,1,0,0
0,0,1,NA,0
0,1,1,0,0
0,0,1,0,0
1,0,0,NA,0
1,0,1,NA,0
0,0,1,1,0
0,0,0,NA,0
0,0,0,NA,0
0,0,1,NA,0
0,0,1,NA,0
1,0,1,NA,0
0,0,1,1,0
0,0,0,NA,100
1,0,0,0,0
0,0,1,NA,0
0,0,0,NA,0
0,0,1,0,0
0,0,1,0,0
0,0,1,NA,0
1,1,1,NA,0
0,1,1,NA,0
1,0,0,1,100
0,0,1,1,0
0,0,1,NA,0
1,1,0,1,0
1,0,1,NA,0
0,0,0,0,0
0,0,1,0,0
0,0,1,NA,0
1,0,1,NA,0
0,0,0,0,0
1,0,1,NA,0
0,0,0,0,0
1,0,1,NA,0
1,1,1,NA,0
1,0,0,NA,0
0,0,1,NA,0
0,0,1,NA,0
0,0,1,NA,0
0,0,1,NA,0
1,0,0,0,0
1,0,0,NA,0
0,0,0,0,0
0,1,0,NA,100
0,1,1,NA,100
1,0,1,NA,0
0,0,0,NA,0
0,0,1,NA,0
1,0,0,1,0
0,0,1,0,0
1,1,1,0,0
0,0,0,0,0
0,0,0,0,0
1,0,0,0,0
0,0,1,1,0
0,0,1,1,0
0,0,1,1,0
1,0,0,1,0
0,0,1,1,0
1,1,0,1,0
1,0,1,0,0
1,0,0,0,0
1,0,1,1,0
1,0,0,1,0
1,1,1,0,0
0,0,1,0,0
1,0,0,0,0
1,1,0,0,0
0,0,0,1,0
1,1,1,1,0
1,1,0,0,0
0,0,1,0,100
0,0,1,0,0
1,0,0,1,0
0,0,1,0,0
0,0,1,0,100
0,0,1,1,0
0,0,0,1,0
0,0,0,1,0
0,0,1,1,0
1,0,0,1,0
0,0,1,1,0
0,0,0,0,100
1,0,1,1,0
1,1,1,1,0
0,0,0,1,0
1,0,1,1,0
0,0,0,0,0
0,0,1,NA,0
1,0,0,1,0
0,1,1,1,0
0,0,1,1,0
0,0,1,NA,0
0,0,1,NA,0
0,1,0,0,0
1,0,1,0,0
0,1,0,1,0
0,1,1,0,0
1,0,1,1,0
0,1,1,0,0
1,0,0,0,0
1,1,1,1,0
0,0,1,1,0
0,0,0,0,0
1,1,1,0,0
1,0,1,0,0
0,0,0,0,0
0,0,0,1,0
1,0,0,1,0
0,0,0,1,0
0,0,0,1,0
0,0,1,1,0
1,0,0,1,0
1,0,0,0,0
0,1,1,1,0
0,0,1,1,0
0,0,1,0,0
1,0,1,1,100
1,1,1,0,0
1,0,0,0,0
0,0,1,1,0
0,1,1,1,0
1,0,1,NA,0
0,0,1,1,0
1,0,0,1,0
0,0,0,1,0
0,1,0,0,0
0,0,1,1,0
1,0,1,1,0
0,0,0,0,100
1,1,1,0,0
1,0,1,0,0
1,1,1,0,0
0,1,1,1,0
0,0,1,0,0
1,0,0,0,0
0,0,1,0,0
0,0,0,1,100
1,0,1,0,0
0,0,1,0,100
1,0,1,0,0
0,0,1,1,0
1,0,0,1,0
0,0,0,1,0
1,1,1,1,0
0,0,1,0,0
1,0,1,1,0
1,0,0,0,0
0,0,1,NA,0
1,1,1,0,0
1,0,1,1,0
1,1,1,0,0
0,0,1,0,0
1,1,1,0,0
1,1,1,1,100
1,1,1,0,0
1,0,1,0,0
0,0,1,1,0
1,0,1,0,0
1,0,1,1,0
1,0,0,0,0
0,0,0,0,0
0,1,1,0,0
0,0,1,1,0
0,0,1,1,0
1,0,0,0,0
1,0,0,0,0
1,1,1,0,0
0,1,0,NA,0
0,0,0,0,0
0,0,0,NA,0
0,0,1,1,0
1,1,0,0,0
1,0,1,1,0
0,0,1,1,0
0,0,1,1,0
1,1,0,1,0
0,0,1,0,0
1,0,1,0,0
0,0,1,0,0
0,0,0,NA,100
0,1,1,0,0
1,0,0,0,0
1,0,1,1,0
1,0,0,1,100
0,1,0,1,0
0,0,1,1,100
1,1,1,1,0
1,0,1,1,0
0,0,1,0,100
1,1,1,1,0
0,0,1,0,0
0,0,0,1,0
1,0,0,0,0
1,0,0,1,0
0,0,1,1,0
0,0,0,0,0
1,0,0,0,0
0,0,1,1,0
1,1,0,0,0
1,0,1,1,0
1,0,1,1,0
1,0,0,0,0
1,0,0,0,0
0,0,0,1,0
0,0,1,1,0
0,0,1,1,0
0,0,1,NA,0
0,0,0,0,0
1,0,1,1,0
1,1,0,1,0
0,0,1,0,0
1,0,1,0,100
1,1,0,1,0
0,0,1,0,0
0,0,1,1,0
0,0,1,1,0
1,0,1,1,0
0,0,1,0,0
0,1,1,0,0
1,0,1,1,0
0,0,1,1,0
1,0,1,1,0
1,1,0,0,100
1,0,0,NA,0
1,0,1,1,0
1,0,0,0,0
0,0,0,1,0
1,0,0,0,0
0,0,0,0,0
0,1,0,1,0
1,1,1,1,0
0,0,0,1,0
0,1,0,1,0
1,1,1,1,100
1,0,0,0,0
0,0,1,0,0
0,0,0,0,0
0,1,0,0,0
1,0,1,1,0
1,1,1,0,0
0,1,1,1,0
1,1,0,0,0
1,0,0,0,0
0,0,0,1,0
0,0,0,1,0
1,0,1,0,0
0,1,1,1,0
1,0,0,1,0
0,1,1,1,0
0,0,0,0,0
1,0,1,1,0
0,1,0,0,0
1,0,0,1,0
1,0,0,1,0
0,0,1,1,0
0,0,1,1,0
0,1,1,1,0
1,1,1,1,0
1,0,0,1,0
0,0,0,1,0
0,0,0,NA,0
1,0,1,1,0
1,0,1,NA,0
0,0,0,0,0
1,0,1,1,0
1,0,0,1,0
1,1,0,0,0
0,1,1,1,0
0,1,0,1,0
1,0,1,0,0
1,1,1,1,0
0,0,1,0,0
0,0,1,1,0
0,1,1,0,0
0,1,1,1,0
0,1,0,0,0
1,0,1,0,0
1,0,1,1,0
1,0,1,1,0
0,0,1,1,0
1,1,1,0,0
0,1,1,1,0
0,0,0,1,0
1,1,0,1,100
0,1,1,1,0
0,0,1,1,0
1,1,0,1,0
0,0,1,1,0
1,1,0,1,0
0,0,0,1,0
1,1,1,0,0
1,0,1,1,0
1,0,0,0,0
1,0,1,1,0
1,0,1,0,0
0,0,1,0,0
0,0,0,1,0
1,0,0,0,0
0,0,1,0,0
1,0,0,0,0
1,0,1,0,0
0,0,1,0,0
1,0,1,1,0
0,0,1,0,100
1,0,0,1,0
1,0,1,0,100
0,0,1,0,0
1,0,0,1,0
0,0,1,1,0
1,0,0,1,0
1,0,0,0,0
0,1,1,0,0
1,1,1,1,0
0,0,1,0,0
1,0,0,0,0
0,1,0,0,0
0,0,1,0,0
1,0,0,0,0
0,1,1,0,0
0,0,1,0,100
0,0,1,0,0
0,0,1,1,0
1,0,1,0,0
0,0,0,0,0
1,0,1,1,0
1,1,1,0,0
0,1,0,0,0
0,0,0,1,0
0,1,1,0,0
1,0,0,1,0
0,0,1,1,0
1,0,1,0,0
1,0,0,1,0
0,0,0,0,0
1,0,1,0,0
1,1,1,1,0
0,0,1,0,0
1,1,1,0,0
0,0,0,0,0
0,0,1,1,0
0,1,0,0,0
0,0,0,1,0
0,1,1,0,0
0,1,1,0,0
1,1,1,1,0
0,0,1,1,0
0,1,1,1,0
1,0,1,0,0
0,1,1,0,0
1,0,0,1,0
1,0,1,1,0
1,0,0,0,0
1,1,1,0,0
0,1,1,0,0
0,1,1,0,0
0,0,0,1,0
0,0,0,1,0
1,0,1,0,0
0,0,0,1,0
1,0,1,0,0
1,0,1,1,0
1,0,1,1,0
0,0,1,0,0
1,0,0,1,0
1,0,0,0,0
0,1,1,1,0
1,0,1,0,0
1,0,0,1,0
1,1,1,1,0
1,1,1,1,0
0,0,0,1,0
1,0,1,0,0
1,1,1,1,0
0,0,1,0,0
0,0,1,0,0
0,1,0,1,0
0,0,0,0,0
0,0,0,1,0
0,1,1,1,0
1,0,1,1,0
0,1,1,1,0
0,0,0,0,0
1,0,0,NA,0
0,1,1,1,0
0,0,1,1,0
1,0,1,0,0
1,1,1,0,0
0,0,0,0,0
0,0,0,0,0
1,0,1,0,0
0,0,0,1,0
0,0,1,0,0
1,0,1,1,0
1,1,0,NA,0
0,1,0,0,0
1,0,0,0,0
1,0,0,1,0
0,0,0,0,0
1,0,0,1,0
0,0,1,1,0
0,0,1,1,0
1,0,1,0,0
0,0,0,1,0
1,0,0,1,0
1,1,1,1,0
0,0,0,0,100
0,0,1,1,0
1,0,0,0,0
1,0,1,1,0
1,1,1,0,0
1,0,1,1,0
1,1,1,1,0
0,0,1,1,0
0,0,0,1,0
1,0,1,1,0
0,0,1,0,0
1,0,1,0,0
1,1,1,1,0
1,1,1,0,0
0,0,0,1,0
0,1,1,1,0
1,0,0,0,0
0,0,0,1,0
0,0,1,0,0
1,0,1,0,0
0,0,0,0,0
1,0,1,1,0
0,0,1,1,0
0,0,1,0,0
0,0,1,0,0
1,0,1,1,0
0,1,1,0,0
1,1,1,1,0
1,0,0,1,0
1,0,0,0,0
0,0,1,1,0
0,0,0,1,0
0,0,1,0,0
1,0,1,1,0
1,0,1,1,0
1,1,0,NA,0
1,0,1,1,0
1,0,0,NA,0
0,0,1,0,0
0,0,1,1,0
1,0,1,1,0
1,0,1,0,0
0,0,0,1,0
0,0,0,0,0
1,0,1,0,0
1,0,1,1,0
0,0,1,1,0
0,0,1,0,0
0,0,1,1,0
0,0,1,0,0
0,0,1,0,0
1,0,1,0,0
0,0,1,NA,0
1,1,0,0,0
0,0,0,0,0
1,0,1,1,0
0,0,1,0,0
0,0,0,0,0
1,0,0,0,0
1,0,1,0,0
1,1,1,0,0
1,0,1,0,100
1,0,1,NA,0
0,0,1,1,0
1,0,1,1,100
1,0,1,1,0
1,0,0,0,0
1,0,0,0,100
1,0,1,0,100
1,0,1,1,0
0,0,0,0,0
1,1,1,0,0
0,0,1,0,0
1,0,0,0,0
0,0,1,0,0
0,0,1,1,0
0,0,0,0,0
0,0,0,0,0
1,0,1,0,0
1,0,1,1,0
0,0,0,1,0
1,0,1,1,0
1,0,0,1,0
1,0,1,0,0
1,0,1,1,0
0,0,0,0,100
1,0,1,1,0
0,0,1,NA,0
0,0,0,0,0
1,0,1,1,0
0,0,0,0,0
0,0,1,0,0
0,1,1,1,0
1,0,1,1,0
0,0,0,1,100
0,0,0,0,0
1,1,1,1,0
0,0,0,0,0
1,0,0,0,0
0,0,1,1,0
1,0,0,0,0
0,0,1,1,0
0,0,1,0,0
1,0,1,1,0
1,0,1,0,100
1,0,1,0,0
0,0,1,0,100
0,0,1,0,0
1,0,1,0,0
1,0,1,0,0
1,0,1,0,0
0,0,1,0,0
0,0,0,0,0
1,0,1,NA,0
1,0,1,0,0
1,1,1,0,0
1,1,0,1,0
0,0,0,1,100
1,0,1,0,0
0,0,1,1,0
1,0,0,0,0
1,0,1,0,0
1,0,1,1,0
0,0,0,0,0
1,0,1,0,0
0,0,0,0,0
0,0,1,0,0
0,0,0,1,0
0,0,0,0,100
1,0,1,1,0
0,0,1,0,0
0,0,1,1,0
1,0,0,NA,0
0,0,0,1,100
1,0,1,0,0
1,0,1,1,0
0,0,1,0,0
1,0,0,NA,0
1,0,0,NA,0
1,0,1,1,0
1,0,0,0,0
1,1,1,1,0
0,0,0,NA,0
1,0,0,1,0
1,0,0,0,0
1,0,1,1,0
1,0,1,0,0
1,0,1,1,0
0,1,1,1,0
1,0,0,NA,0
1,0,1,1,0
1,0,0,0,0
1,0,1,1,0
1,0,0,1,0
1,0,0,1,0
0,1,0,0,0
1,0,1,0,0
1,0,0,NA,0
0,0,0,0,100
0,1,1,0,0
0,0,1,0,0
0,0,0,0,0
0,0,0,0,0
1,0,1,1,0
0,1,1,0,0
0,0,1,0,0
1,0,1,0,0
1,0,1,1,0
0,0,0,NA,0
1,0,1,0,0
0,1,1,0,0
0,0,1,0,0
1,0,1,NA,0
0,0,0,0,0
1,0,0,0,0
1,0,0,NA,0
1,0,0,1,0
0,0,1,1,0
1,0,1,1,0
0,0,0,0,0
1,0,0,0,0
1,0,0,0,0
1,0,0,0,0
1,0,0,0,0
0,1,1,NA,0
1,1,1,0,0
1,0,1,0,0
1,0,1,1,100
0,0,0,0,0
1,1,1,1,0
1,0,1,1,0
0,0,1,1,100
0,1,1,1,0
0,0,1,0,0
0,0,0,0,0
1,0,0,0,0
1,1,1,0,0
0,0,1,0,100
1,0,1,0,0
0,0,1,1,0
0,1,1,0,100
0,0,1,0,0
0,0,1,1,0
0,0,1,1,0
0,0,1,0,0
1,0,1,0,0
1,0,1,0,0
1,0,1,0,0
0,0,1,NA,0
1,1,1,1,0
1,0,0,0,0
1,0,1,1,0
1,0,0,1,0
1,0,0,0,0
1,0,1,1,0
0,0,1,1,0
0,0,1,1,0
1,0,1,1,0
0,0,0,1,0
0,0,1,0,0
1,0,1,0,100
1,0,1,0,0
0,0,1,0,0
1,1,1,0,0
1,0,0,0,0
0,0,0,0,0
0,0,1,0,0
0,0,1,0,0
1,0,0,1,0
1,0,1,0,0
1,0,1,1,0
0,0,0,1,0
0,0,1,NA,0
0,0,0,1,0
0,0,1,0,0
1,0,0,0,0
0,0,1,0,0
1,0,1,1,0
1,0,1,0,0
1,0,0,1,0
0,0,1,1,0
0,0,1,0,0
0,0,1,1,0
1,1,0,0,0
1,0,1,1,0
1,0,1,1,0
0,0,1,1,0
1,0,1,0,0
1,0,1,1,0
1,0,1,1,0
1,0,0,0,100
0,0,1,0,0
0,0,1,0,0
0,1,0,0,0
1,0,0,0,0
1,0,1,1,0
1,0,0,0,0
1,0,1,1,0
0,0,1,1,0
0,0,1,1,0
1,1,1,1,0
0,0,1,1,0
1,0,1,1,0
0,0,1,0,0
0,1,1,1,0
1,0,0,0,100
1,0,0,0,0
0,0,0,1,0
0,0,1,0,0
1,0,0,1,0
1,1,0,1,0
0,0,1,1,0
0,0,0,1,0
0,1,1,0,0
0,0,0,1,0
1,0,1,1,0
0,0,0,1,0
1,0,0,1,0
1,0,1,1,0
1,0,1,0,0
0,1,1,0,0
1,0,1,0,0
1,0,1,0,0
0,1,1,0,0
0,0,0,0,0
1,1,0,1,0
0,0,0,1,0
1,1,1,0,0
0,0,0,1,0
0,0,1,1,0
1,1,1,1,0
1,1,1,0,0
1,0,1,0,0
1,0,1,0,0
0,0,1,1,0
1,1,0,0,0
1,0,0,1,0
1,1,1,0,0
1,0,1,1,0
1,0,1,0,0
1,1,1,1,0
1,1,1,0,0
0,0,1,0,0
0,0,0,1,0
0,0,0,1,0
0,1,1,0,0
0,0,1,1,0
1,0,0,0,0
1,0,1,1,0
1,0,1,0,0
0,0,0,1,0
0,0,0,1,0
0,1,0,1,0
1,0,1,1,0
1,0,1,0,0
0,1,1,0,0
0,0,0,0,0
0,1,0,0,0
0,0,0,1,0
1,0,0,1,0
1,0,1,0,0
0,1,0,1,0
1,0,1,1,0
1,1,0,0,0
0,0,1,1,0
0,0,0,0,100
1,0,0,1,0
1,0,0,0,0
1,1,1,1,0
0,0,0,1,0
0,0,0,1,100
0,1,1,0,0
1,0,0,1,0
0,0,0,0,0
0,0,1,1,0
1,0,1,0,0
0,0,0,0,100
0,0,0,0,0
1,0,0,0,0
1,1,1,0,0
1,0,1,1,0
1,0,1,0,100
0,0,1,1,100
0,1,1,0,0
1,0,0,1,0
0,0,1,1,0
0,1,1,1,0
0,0,0,0,0
0,1,1,0,0
0,0,0,1,0
1,0,0,0,0
1,1,0,1,0
0,0,0,1,0
1,0,1,1,0
1,0,1,0,0
1,0,0,0,0
1,0,1,1,0
0,0,0,0,0
0,1,1,0,0
0,0,1,1,0
0,0,1,0,0
1,0,0,NA,0
0,0,0,1,0
1,0,0,0,0
0,0,0,1,0
1,0,1,1,0
0,1,1,1,0
1,1,0,1,0
0,0,1,0,0
0,0,1,1,0
1,1,0,1,0
0,0,0,1,0
1,0,1,0,0
1,1,1,0,0
1,1,1,0,0
1,1,1,0,0
1,1,1,1,0
1,0,0,0,0
1,0,1,0,0
1,0,0,0,0
0,0,0,1,0
0,0,1,0,0
0,0,1,0,0
1,0,1,0,0
0,0,1,0,0
0,0,1,0,0
0,0,1,0,0
0,0,0,0,0
1,1,1,1,0
1,0,1,NA,0
0,0,0,0,0
0,0,1,0,0
0,0,1,1,0
0,0,1,0,100
0,0,1,1,0
0,0,1,0,100
1,0,0,0,0
0,1,1,1,0
1,0,0,0,0
1,0,0,1,0
1,0,1,0,0
1,0,0,0,0
1,0,1,0,0
0,0,0,0,0
0,0,1,0,0
1,0,0,0,0
1,0,1,0,0
1,0,1,1,0
1,0,1,1,0
0,0,1,1,0
1,0,0,0,0
0,1,1,1,0
1,0,0,1,0
1,0,0,0,0
1,1,0,0,0
1,0,0,NA,0
1,0,1,1,0
0,0,0,NA,100
1,1,1,0,0
1,0,1,1,0
1,0,1,0,0
0,0,1,0,0
1,0,0,1,0
1,0,1,0,0
0,0,1,1,0
0,0,0,0,0
0,0,1,0,0
0,0,1,1,0
0,0,1,1,0
1,0,1,1,0
0,0,0,1,0
1,0,1,0,0
0,0,1,0,0
0,0,1,0,0
0,0,0,0,0
0,0,1,0,0
1,0,0,1,0
1,0,1,1,0
0,0,0,0,0
0,0,1,1,0
0,1,0,0,100
0,1,1,0,0
1,0,1,0,0
0,0,0,NA,0
0,0,0,0,0
0,0,1,0,0
1,0,0,1,0
1,1,0,1,0
1,1,1,1,0
0,0,0,1,0
0,0,1,1,0
0,0,1,0,0
0,0,1,0,0
0,0,1,1,0
0,0,1,1,0
1,1,1,0,0
0,1,1,1,0
1,0,1,0,0
0,1,1,0,0
0,0,0,1,0
1,0,0,1,0
1,0,0,NA,0
0,1,1,1,0
1,1,1,0,0
