D_gym,D_diary,D_sleep,id,D_gym_diary,D_sleep_gym,D_sleep_diary,D_sleep_diary_gym,Y
1,1,1,1,1,1,1,1,173
1,1,1,2,1,1,1,1,178
0,1,1,3,0,0,1,0,153
1,0,1,4,0,1,0,0,135
0,1,1,5,0,0,1,0,158
0,0,1,6,0,0,0,0,150
0,0,1,7,0,0,0,0,155
1,0,1,8,0,1,0,0,180
0,1,1,9,0,0,1,0,153
1,0,0,10,0,0,0,0,155
0,1,0,11,0,0,0,0,95
1,0,1,12,0,1,0,0,165
1,0,1,13,0,1,0,0,150
0,0,0,14,0,0,0,0,105
0,0,1,15,0,0,0,0,165
0,1,1,16,0,0,1,0,133
1,1,0,17,1,0,0,0,180
1,0,0,18,0,0,0,0,105
0,1,1,19,0,0,1,0,143
0,0,0,20,0,0,0,0,140
0,1,0,21,0,0,0,0,100
0,0,0,22,0,0,0,0,95
0,1,1,23,0,0,1,0,198
1,1,0,24,1,0,0,0,165
0,0,1,25,0,0,0,0,135
1,1,1,26,1,1,1,1,188
0,0,1,27,0,0,0,0,135
0,1,1,28,0,0,1,0,183
1,0,1,29,0,1,0,0,165
0,1,1,30,0,0,1,0,163
0,1,0,31,0,0,0,0,100
1,0,1,32,0,1,0,0,135
0,0,0,33,0,0,0,0,95
0,1,1,34,0,0,1,0,143
1,1,1,35,1,1,1,1,168
1,0,0,36,0,0,0,0,125
0,1,0,37,0,0,0,0,110
1,1,1,38,1,1,1,1,218
1,1,0,39,1,0,0,0,160
0,0,1,40,0,0,0,0,170
1,0,0,41,0,0,0,0,95
1,1,1,42,1,1,1,1,228
0,0,0,43,0,0,0,0,130
0,0,0,44,0,0,0,0,145
0,0,1,45,0,0,0,0,150
1,1,1,46,1,1,1,1,173
0,1,1,47,0,0,1,0,143
1,0,0,48,0,0,0,0,140
1,1,1,49,1,1,1,1,203
1,0,0,50,0,0,0,0,110
0,0,1,51,0,0,0,0,160
1,1,0,52,1,0,0,0,145
1,0,1,53,0,1,0,0,180
0,0,0,54,0,0,0,0,120
0,0,1,55,0,0,0,0,135
1,0,0,56,0,0,0,0,155
1,1,0,57,1,0,0,0,150
0,1,0,58,0,0,0,0,100
1,1,1,59,1,1,1,1,198
1,0,0,60,0,0,0,0,160
0,0,1,61,0,0,0,0,170
0,0,0,62,0,0,0,0,110
0,1,1,63,0,0,1,0,188
0,0,0,64,0,0,0,0,100
1,0,1,65,0,1,0,0,175
1,0,0,66,0,0,0,0,145
1,1,1,67,1,1,1,1,188
0,0,0,68,0,0,0,0,105
1,1,1,69,1,1,1,1,208
0,0,1,70,0,0,0,0,165
0,1,0,71,0,0,0,0,140
1,1,1,72,1,1,1,1,198
1,1,0,73,1,0,0,0,130
0,1,0,74,0,0,0,0,140
1,0,1,75,0,1,0,0,125
1,0,1,76,0,1,0,0,155
0,1,1,77,0,0,1,0,178
1,1,0,78,1,0,0,0,175
1,0,1,79,0,1,0,0,125
1,0,1,80,0,1,0,0,150
1,1,1,81,1,1,1,1,198
1,1,1,82,1,1,1,1,183
1,1,0,83,1,0,0,0,160
0,0,0,84,0,0,0,0,130
0,1,0,85,0,0,0,0,145
0,0,1,86,0,0,0,0,115
0,0,1,87,0,0,0,0,145
0,1,0,88,0,0,0,0,150
1,0,0,89,0,0,0,0,105
1,0,0,90,0,0,0,0,140
1,1,1,91,1,1,1,1,223
0,1,1,92,0,0,1,0,138
0,0,0,93,0,0,0,0,145
0,1,0,94,0,0,0,0,145
1,0,1,95,0,1,0,0,175
0,0,0,96,0,0,0,0,95
0,0,0,97,0,0,0,0,80
0,1,1,98,0,0,1,0,188
1,1,0,99,1,0,0,0,185
1,1,0,100,1,0,0,0,130
1,0,1,101,0,1,0,0,155
1,1,1,102,1,1,1,1,193
0,0,0,103,0,0,0,0,130
1,0,1,104,0,1,0,0,125
1,0,1,105,0,1,0,0,170
1,1,0,106,1,0,0,0,150
0,1,1,107,0,0,1,0,158
1,0,0,108,0,0,0,0,140
1,1,0,109,1,0,0,0,155
1,1,1,110,1,1,1,1,233
0,1,1,111,0,0,1,0,188
1,1,1,112,1,1,1,1,223
1,1,1,113,1,1,1,1,218
1,0,0,114,0,0,0,0,100
1,0,0,115,0,0,0,0,150
1,1,0,116,1,0,0,0,175
0,1,1,117,0,0,1,0,198
0,0,1,118,0,0,0,0,110
0,0,1,119,0,0,0,0,155
0,0,1,120,0,0,0,0,135
0,1,0,121,0,0,0,0,135
0,0,1,122,0,0,0,0,165
0,0,1,123,0,0,0,0,105
1,0,1,124,0,1,0,0,120
1,1,1,125,1,1,1,1,233
0,1,0,126,0,0,0,0,150
1,0,1,127,0,1,0,0,140
0,0,0,128,0,0,0,0,135
1,0,1,129,0,1,0,0,190
1,0,1,130,0,1,0,0,135
1,1,0,131,1,0,0,0,165
0,1,1,132,0,0,1,0,158
1,0,1,133,0,1,0,0,185
1,1,0,134,1,0,0,0,190
1,1,0,135,1,0,0,0,150
0,0,0,136,0,0,0,0,95
0,1,1,137,0,0,1,0,178
1,0,0,138,0,0,0,0,130
1,1,1,139,1,1,1,1,203
0,0,1,140,0,0,0,0,135
1,0,1,141,0,1,0,0,150
1,1,1,142,1,1,1,1,203
1,1,0,143,1,0,0,0,150
1,1,1,144,1,1,1,1,228
0,1,1,145,0,0,1,0,188
1,0,1,146,0,1,0,0,135
1,0,0,147,0,0,0,0,120
1,0,1,148,0,1,0,0,150
1,1,0,149,1,0,0,0,120
1,1,0,150,1,0,0,0,145
1,1,0,151,1,0,0,0,150
1,0,0,152,0,0,0,0,105
1,1,1,153,1,1,1,1,213
0,1,1,154,0,0,1,0,128
1,0,1,155,0,1,0,0,170
0,1,0,156,0,0,0,0,125
0,1,1,157,0,0,1,0,178
1,1,0,158,1,0,0,0,120
1,0,1,159,0,1,0,0,125
0,0,0,160,0,0,0,0,110
1,1,1,161,1,1,1,1,208
0,0,1,162,0,0,0,0,120
1,1,0,163,1,0,0,0,180
1,0,0,164,0,0,0,0,140
0,1,1,165,0,0,1,0,193
1,1,0,166,1,0,0,0,150
0,1,1,167,0,0,1,0,158
0,1,0,168,0,0,0,0,115
0,0,0,169,0,0,0,0,105
1,1,0,170,1,0,0,0,135
0,1,0,171,0,0,0,0,160
1,0,1,172,0,1,0,0,155
0,1,0,173,0,0,0,0,100
0,1,0,174,0,0,0,0,150
1,1,0,175,1,0,0,0,145
1,0,1,176,0,1,0,0,160
0,1,1,177,0,0,1,0,173
0,1,0,178,0,0,0,0,115
0,1,0,179,0,0,0,0,100
0,1,0,180,0,0,0,0,125
0,1,0,181,0,0,0,0,140
1,0,1,182,0,1,0,0,190
0,0,0,183,0,0,0,0,150
0,0,1,184,0,0,0,0,110
0,1,0,185,0,0,0,0,130
0,1,1,186,0,0,1,0,158
0,0,0,187,0,0,0,0,105
1,1,0,188,1,0,0,0,140
1,0,1,189,0,1,0,0,170
1,0,0,190,0,0,0,0,110
0,0,1,191,0,0,0,0,130
1,1,0,192,1,0,0,0,190
1,0,0,193,0,0,0,0,145
1,0,1,194,0,1,0,0,140
1,0,1,195,0,1,0,0,175
0,0,0,196,0,0,0,0,95
1,1,0,197,1,0,0,0,155
0,1,0,198,0,0,0,0,105
1,1,0,199,1,0,0,0,130
0,0,1,200,0,0,0,0,170
1,0,0,201,0,0,0,0,95
1,0,1,202,0,1,0,0,180
1,1,0,203,1,0,0,0,140
1,0,0,204,0,0,0,0,90
0,0,0,205,0,0,0,0,135
1,1,0,206,1,0,0,0,145
0,0,1,207,0,0,0,0,105
0,0,0,208,0,0,0,0,130
1,1,0,209,1,0,0,0,120
1,0,0,210,0,0,0,0,120
0,0,0,211,0,0,0,0,100
1,1,1,212,1,1,1,1,198
0,0,1,213,0,0,0,0,150
1,0,0,214,0,0,0,0,95
0,1,0,215,0,0,0,0,110
0,0,1,216,0,0,0,0,110
1,1,0,217,1,0,0,0,175
1,0,1,218,0,1,0,0,165
0,0,1,219,0,0,0,0,150
0,1,1,220,0,0,1,0,153
0,0,0,221,0,0,0,0,110
0,0,0,222,0,0,0,0,105
1,0,0,223,0,0,0,0,145
1,0,0,224,0,0,0,0,150
0,1,1,225,0,0,1,0,173
0,0,1,226,0,0,0,0,145
1,0,0,227,0,0,0,0,115
1,1,1,228,1,1,1,1,168
1,0,0,229,0,0,0,0,130
1,1,0,230,1,0,0,0,130
0,1,0,231,0,0,0,0,145
0,0,0,232,0,0,0,0,100
0,1,0,233,0,0,0,0,140
1,1,1,234,1,1,1,1,173
0,0,1,235,0,0,0,0,125
0,0,1,236,0,0,0,0,160
0,1,0,237,0,0,0,0,150
1,0,0,238,0,0,0,0,95
0,0,0,239,0,0,0,0,140
0,0,0,240,0,0,0,0,90
0,0,0,241,0,0,0,0,125
1,0,0,242,0,0,0,0,125
1,1,1,243,1,1,1,1,203
1,0,1,244,0,1,0,0,170
1,0,1,245,0,1,0,0,155
0,1,1,246,0,0,1,0,198
0,0,0,247,0,0,0,0,150
0,0,1,248,0,0,0,0,135
0,0,1,249,0,0,0,0,150
0,0,1,250,0,0,0,0,130
0,0,0,251,0,0,0,0,110
1,1,0,252,1,0,0,0,135
0,1,1,253,0,0,1,0,128
1,1,1,254,1,1,1,1,163
1,0,0,255,0,0,0,0,95
0,0,0,256,0,0,0,0,135
0,1,0,257,0,0,0,0,130
1,0,1,258,0,1,0,0,180
0,0,1,259,0,0,0,0,145
1,0,1,260,0,1,0,0,135
0,1,1,261,0,0,1,0,173
0,0,0,262,0,0,0,0,145
1,0,0,263,0,0,0,0,145
0,0,1,264,0,0,0,0,140
0,1,0,265,0,0,0,0,125
0,1,1,266,0,0,1,0,173
1,0,1,267,0,1,0,0,180
0,0,0,268,0,0,0,0,140
0,0,1,269,0,0,0,0,115
0,0,0,270,0,0,0,0,100
1,0,1,271,0,1,0,0,130
0,0,0,272,0,0,0,0,135
1,0,0,273,0,0,0,0,100
1,0,0,274,0,0,0,0,150
0,1,1,275,0,0,1,0,183
1,0,0,276,0,0,0,0,155
1,1,1,277,1,1,1,1,198
0,1,1,278,0,0,1,0,193
0,1,1,279,0,0,1,0,183
1,0,0,280,0,0,0,0,150
0,0,1,281,0,0,0,0,135
0,0,1,282,0,0,0,0,110
1,1,0,283,1,0,0,0,140
1,0,1,284,0,1,0,0,170
0,1,1,285,0,0,1,0,153
1,1,0,286,1,0,0,0,145
1,1,1,287,1,1,1,1,163
1,1,0,288,1,0,0,0,155
0,1,0,289,0,0,0,0,105
1,0,0,290,0,0,0,0,150
0,0,1,291,0,0,0,0,110
1,0,0,292,0,0,0,0,145
0,0,0,293,0,0,0,0,140
0,0,1,294,0,0,0,0,110
0,1,1,295,0,0,1,0,148
0,0,1,296,0,0,0,0,150
1,0,0,297,0,0,0,0,145
1,1,0,298,1,0,0,0,150
0,0,1,299,0,0,0,0,170
0,0,1,300,0,0,0,0,130
1,0,1,301,0,1,0,0,150
1,1,1,302,1,1,1,1,183
0,0,0,303,0,0,0,0,125
0,0,1,304,0,0,0,0,145
1,0,0,305,0,0,0,0,95
0,0,1,306,0,0,0,0,155
1,0,1,307,0,1,0,0,135
0,1,0,308,0,0,0,0,140
1,0,1,309,0,1,0,0,155
1,1,0,310,1,0,0,0,165
1,0,1,311,0,1,0,0,165
0,1,0,312,0,0,0,0,115
0,1,1,313,0,0,1,0,143
1,1,1,314,1,1,1,1,203
1,1,1,315,1,1,1,1,233
0,1,1,316,0,0,1,0,153
1,1,1,317,1,1,1,1,188
1,0,1,318,0,1,0,0,120
0,0,1,319,0,0,0,0,140
1,1,1,320,1,1,1,1,203
1,0,0,321,0,0,0,0,140
1,0,0,322,0,0,0,0,155
1,1,1,323,1,1,1,1,198
0,0,0,324,0,0,0,0,85
0,1,0,325,0,0,0,0,115
0,0,1,326,0,0,0,0,165
0,0,0,327,0,0,0,0,140
1,0,0,328,0,0,0,0,150
1,0,0,329,0,0,0,0,155
0,0,1,330,0,0,0,0,150
1,0,0,331,0,0,0,0,125
0,1,0,332,0,0,0,0,110
0,0,0,333,0,0,0,0,130
0,0,0,334,0,0,0,0,85
0,1,0,335,0,0,0,0,125
0,1,0,336,0,0,0,0,160
1,1,1,337,1,1,1,1,223
1,0,0,338,0,0,0,0,140
0,1,0,339,0,0,0,0,105
1,0,1,340,0,1,0,0,160
1,0,1,341,0,1,0,0,190
0,1,1,342,0,0,1,0,173
1,1,1,343,1,1,1,1,183
0,1,0,344,0,0,0,0,100
1,0,0,345,0,0,0,0,95
0,1,1,346,0,0,1,0,188
1,1,1,347,1,1,1,1,188
1,1,0,348,1,0,0,0,185
0,0,0,349,0,0,0,0,120
1,0,1,350,0,1,0,0,155
1,0,1,351,0,1,0,0,185
1,1,0,352,1,0,0,0,130
1,0,1,353,0,1,0,0,175
1,0,0,354,0,0,0,0,115
0,1,0,355,0,0,0,0,135
0,1,0,356,0,0,0,0,115
1,0,0,357,0,0,0,0,95
1,1,0,358,1,0,0,0,175
0,0,1,359,0,0,0,0,120
0,0,1,360,0,0,0,0,150
1,0,0,361,0,0,0,0,120
0,0,1,362,0,0,0,0,120
0,1,1,363,0,0,1,0,198
0,0,0,364,0,0,0,0,110
0,1,0,365,0,0,0,0,95
0,0,0,366,0,0,0,0,145
0,1,1,367,0,0,1,0,188
1,0,0,368,0,0,0,0,130
1,1,0,369,1,0,0,0,140
1,1,1,370,1,1,1,1,218
1,1,1,371,1,1,1,1,228
1,0,0,372,0,0,0,0,150
1,1,0,373,1,0,0,0,130
0,1,0,374,0,0,0,0,165
0,0,1,375,0,0,0,0,145
0,0,0,376,0,0,0,0,80
1,1,0,377,1,0,0,0,130
0,1,0,378,0,0,0,0,95
0,0,1,379,0,0,0,0,160
0,1,0,380,0,0,0,0,150
1,0,0,381,0,0,0,0,155
0,1,0,382,0,0,0,0,120
0,0,1,383,0,0,0,0,175
0,1,0,384,0,0,0,0,155
1,1,0,385,1,0,0,0,175
1,0,0,386,0,0,0,0,135
1,1,0,387,1,0,0,0,190
1,1,0,388,1,0,0,0,155
0,0,1,389,0,0,0,0,170
1,1,1,390,1,1,1,1,193
0,0,1,391,0,0,0,0,135
0,1,1,392,0,0,1,0,193
0,1,1,393,0,0,1,0,178
1,0,1,394,0,1,0,0,120
0,1,0,395,0,0,0,0,105
1,1,0,396,1,0,0,0,155
0,1,1,397,0,0,1,0,158
0,1,0,398,0,0,0,0,165
0,1,0,399,0,0,0,0,155
1,0,0,400,0,0,0,0,115
0,0,1,401,0,0,0,0,155
0,0,0,402,0,0,0,0,145
0,1,1,403,0,0,1,0,173
0,1,0,404,0,0,0,0,140
0,0,1,405,0,0,0,0,115
0,0,0,406,0,0,0,0,120
0,1,0,407,0,0,0,0,115
1,0,0,408,0,0,0,0,120
0,1,1,409,0,0,1,0,143
0,0,1,410,0,0,0,0,125
1,1,0,411,1,0,0,0,165
1,0,0,412,0,0,0,0,125
1,0,0,413,0,0,0,0,100
0,0,1,414,0,0,0,0,125
1,0,0,415,0,0,0,0,140
0,1,1,416,0,0,1,0,173
0,0,1,417,0,0,0,0,115
0,1,1,418,0,0,1,0,133
1,0,1,419,0,1,0,0,190
1,1,0,420,1,0,0,0,145
0,1,1,421,0,0,1,0,173
1,1,0,422,1,0,0,0,180
1,1,1,423,1,1,1,1,178
0,1,0,424,0,0,0,0,95
0,1,0,425,0,0,0,0,135
1,0,1,426,0,1,0,0,180
0,0,0,427,0,0,0,0,105
1,1,0,428,1,0,0,0,145
1,1,0,429,1,0,0,0,165
1,1,0,430,1,0,0,0,185
1,0,1,431,0,1,0,0,160
0,0,0,432,0,0,0,0,115
0,1,0,433,0,0,0,0,105
1,0,1,434,0,1,0,0,180
0,1,0,435,0,0,0,0,110
0,0,1,436,0,0,0,0,150
1,1,1,437,1,1,1,1,208
0,0,0,438,0,0,0,0,85
1,1,1,439,1,1,1,1,228
1,1,1,440,1,1,1,1,203
1,0,0,441,0,0,0,0,150
1,1,1,442,1,1,1,1,198
0,1,1,443,0,0,1,0,148
0,0,1,444,0,0,0,0,145
1,0,0,445,0,0,0,0,145
1,0,1,446,0,1,0,0,170
1,0,0,447,0,0,0,0,125
0,1,0,448,0,0,0,0,130
0,1,0,449,0,0,0,0,140
0,0,0,450,0,0,0,0,110
0,1,1,451,0,0,1,0,168
1,1,0,452,1,0,0,0,120
0,1,1,453,0,0,1,0,198
1,0,0,454,0,0,0,0,120
1,1,1,455,1,1,1,1,173
0,1,1,456,0,0,1,0,188
0,0,1,457,0,0,0,0,145
1,0,1,458,0,1,0,0,180
1,0,1,459,0,1,0,0,125
1,1,0,460,1,0,0,0,180
1,1,1,461,1,1,1,1,213
0,1,0,462,0,0,0,0,150
1,1,0,463,1,0,0,0,180
0,1,0,464,0,0,0,0,130
1,0,0,465,0,0,0,0,155
0,0,0,466,0,0,0,0,95
1,1,1,467,1,1,1,1,163
0,1,1,468,0,0,1,0,148
1,1,0,469,1,0,0,0,165
0,0,0,470,0,0,0,0,100
0,0,0,471,0,0,0,0,145
1,0,1,472,0,1,0,0,175
1,0,0,473,0,0,0,0,115
0,0,1,474,0,0,0,0,140
1,0,1,475,0,1,0,0,150
1,1,0,476,1,0,0,0,175
0,0,0,477,0,0,0,0,115
0,1,0,478,0,0,0,0,95
1,1,1,479,1,1,1,1,208
0,1,0,480,0,0,0,0,110
0,0,0,481,0,0,0,0,130
1,1,0,482,1,0,0,0,140
0,0,0,483,0,0,0,0,145
1,0,0,484,0,0,0,0,150
1,0,1,485,0,1,0,0,150
1,1,1,486,1,1,1,1,168
1,0,1,487,0,1,0,0,160
0,1,0,488,0,0,0,0,135
1,0,1,489,0,1,0,0,190
0,1,1,490,0,0,1,0,153
1,1,0,491,1,0,0,0,165
0,1,1,492,0,0,1,0,193
0,0,0,493,0,0,0,0,120
1,1,0,494,1,0,0,0,170
1,0,0,495,0,0,0,0,95
0,0,1,496,0,0,0,0,165
1,1,1,497,1,1,1,1,198
0,1,0,498,0,0,0,0,110
0,0,1,499,0,0,0,0,135
0,1,1,500,0,0,1,0,188
1,0,1,501,0,1,0,0,155
0,0,1,502,0,0,0,0,150
1,1,0,503,1,0,0,0,140
0,1,0,504,0,0,0,0,150
1,0,1,505,0,1,0,0,135
0,0,0,506,0,0,0,0,105
0,1,0,507,0,0,0,0,110
1,1,1,508,1,1,1,1,228
0,1,1,509,0,0,1,0,158
0,1,1,510,0,0,1,0,138
1,0,1,511,0,1,0,0,185
0,0,0,512,0,0,0,0,105
1,0,1,513,0,1,0,0,180
1,1,0,514,1,0,0,0,130
0,1,1,515,0,0,1,0,153
0,0,1,516,0,0,0,0,120
0,1,0,517,0,0,0,0,100
0,0,0,518,0,0,0,0,135
0,1,1,519,0,0,1,0,143
0,1,1,520,0,0,1,0,153
1,0,1,521,0,1,0,0,145
0,0,1,522,0,0,0,0,145
0,0,1,523,0,0,0,0,145
0,1,0,524,0,0,0,0,165
1,1,0,525,1,0,0,0,140
0,0,1,526,0,0,0,0,155
0,1,0,527,0,0,0,0,165
1,0,1,528,0,1,0,0,160
1,0,0,529,0,0,0,0,115
0,1,1,530,0,0,1,0,188
1,1,1,531,1,1,1,1,173
0,1,1,532,0,0,1,0,168
1,1,1,533,1,1,1,1,193
1,0,1,534,0,1,0,0,140
1,1,0,535,1,0,0,0,130
0,1,1,536,0,0,1,0,188
1,0,1,537,0,1,0,0,160
1,0,0,538,0,0,0,0,130
1,1,0,539,1,0,0,0,160
0,0,0,540,0,0,0,0,130
1,1,0,541,1,0,0,0,165
1,1,0,542,1,0,0,0,165
0,0,1,543,0,0,0,0,110
1,0,0,544,0,0,0,0,130
1,0,1,545,0,1,0,0,160
0,1,0,546,0,0,0,0,140
1,0,1,547,0,1,0,0,165
0,0,1,548,0,0,0,0,110
1,0,1,549,0,1,0,0,125
1,1,1,550,1,1,1,1,213
1,1,1,551,1,1,1,1,223
1,0,0,552,0,0,0,0,100
0,0,0,553,0,0,0,0,135
0,1,1,554,0,0,1,0,163
1,1,1,555,1,1,1,1,233
0,1,1,556,0,0,1,0,163
1,0,0,557,0,0,0,0,130
0,0,0,558,0,0,0,0,105
0,0,0,559,0,0,0,0,115
1,1,0,560,1,0,0,0,125
1,1,1,561,1,1,1,1,203
1,1,1,562,1,1,1,1,228
1,0,1,563,0,1,0,0,155
0,0,1,564,0,0,0,0,135
1,1,1,565,1,1,1,1,163
0,0,1,566,0,0,0,0,110
0,0,0,567,0,0,0,0,85
0,1,1,568,0,0,1,0,138
0,1,0,569,0,0,0,0,130
0,1,1,570,0,0,1,0,183
1,1,1,571,1,1,1,1,183
1,0,0,572,0,0,0,0,145
0,1,1,573,0,0,1,0,163
0,0,1,574,0,0,0,0,125
1,0,0,575,0,0,0,0,90
0,1,1,576,0,0,1,0,173
1,0,0,577,0,0,0,0,95
0,1,0,578,0,0,0,0,155
0,0,1,579,0,0,0,0,115
1,1,0,580,1,0,0,0,165
0,1,1,581,0,0,1,0,188
1,1,0,582,1,0,0,0,140
1,0,1,583,0,1,0,0,130
0,1,1,584,0,0,1,0,183
0,0,0,585,0,0,0,0,95
1,1,0,586,1,0,0,0,140
0,1,0,587,0,0,0,0,130
1,0,1,588,0,1,0,0,155
1,1,0,589,1,0,0,0,145
0,1,1,590,0,0,1,0,183
0,0,0,591,0,0,0,0,120
0,1,0,592,0,0,0,0,105
0,0,0,593,0,0,0,0,150
0,1,0,594,0,0,0,0,110
1,1,1,595,1,1,1,1,173
0,1,1,596,0,0,1,0,143
0,0,0,597,0,0,0,0,105
0,1,1,598,0,0,1,0,153
1,0,0,599,0,0,0,0,110
1,1,1,600,1,1,1,1,168
1,0,1,601,0,1,0,0,185
0,1,0,602,0,0,0,0,135
0,1,1,603,0,0,1,0,143
1,1,1,604,1,1,1,1,223
0,1,0,605,0,0,0,0,130
1,0,0,606,0,0,0,0,130
0,1,0,607,0,0,0,0,150
0,0,0,608,0,0,0,0,125
1,0,1,609,0,1,0,0,130
1,1,0,610,1,0,0,0,145
0,1,1,611,0,0,1,0,193
1,0,0,612,0,0,0,0,105
0,0,0,613,0,0,0,0,135
0,1,0,614,0,0,0,0,125
0,0,0,615,0,0,0,0,90
1,1,1,616,1,1,1,1,178
1,1,1,617,1,1,1,1,208
0,0,1,618,0,0,0,0,115
1,0,0,619,0,0,0,0,120
1,1,1,620,1,1,1,1,193
1,1,1,621,1,1,1,1,208
1,1,1,622,1,1,1,1,183
0,1,0,623,0,0,0,0,125
1,1,1,624,1,1,1,1,173
0,1,0,625,0,0,0,0,155
0,0,1,626,0,0,0,0,115
1,1,1,627,1,1,1,1,168
0,1,1,628,0,0,1,0,193
0,1,0,629,0,0,0,0,115
1,0,1,630,0,1,0,0,175
1,0,0,631,0,0,0,0,120
1,0,1,632,0,1,0,0,150
0,0,0,633,0,0,0,0,90
1,1,0,634,1,0,0,0,130
1,1,1,635,1,1,1,1,173
1,0,1,636,0,1,0,0,155
1,1,1,637,1,1,1,1,198
1,0,1,638,0,1,0,0,165
1,1,1,639,1,1,1,1,193
0,0,1,640,0,0,0,0,110
0,0,1,641,0,0,0,0,105
0,1,0,642,0,0,0,0,110
1,0,1,643,0,1,0,0,180
1,1,1,644,1,1,1,1,183
0,1,0,645,0,0,0,0,135
0,1,1,646,0,0,1,0,173
0,0,0,647,0,0,0,0,150
1,0,0,648,0,0,0,0,105
0,1,1,649,0,0,1,0,183
1,1,1,650,1,1,1,1,178
1,1,1,651,1,1,1,1,188
1,0,0,652,0,0,0,0,90
1,1,1,653,1,1,1,1,233
0,0,0,654,0,0,0,0,110
0,1,1,655,0,0,1,0,198
1,1,0,656,1,0,0,0,135
1,0,0,657,0,0,0,0,100
1,1,1,658,1,1,1,1,183
1,1,0,659,1,0,0,0,170
1,0,1,660,0,1,0,0,160
0,0,1,661,0,0,0,0,135
0,0,1,662,0,0,0,0,155
1,1,0,663,1,0,0,0,160
1,1,1,664,1,1,1,1,203
0,0,0,665,0,0,0,0,120
0,1,0,666,0,0,0,0,110
0,0,0,667,0,0,0,0,85
1,0,1,668,0,1,0,0,170
1,1,1,669,1,1,1,1,208
1,1,0,670,1,0,0,0,185
1,0,1,671,0,1,0,0,185
1,0,0,672,0,0,0,0,140
0,0,1,673,0,0,0,0,135
1,0,1,674,0,1,0,0,130
1,1,1,675,1,1,1,1,193
1,1,1,676,1,1,1,1,218
0,1,0,677,0,0,0,0,160
1,0,0,678,0,0,0,0,155
0,1,1,679,0,0,1,0,183
1,0,0,680,0,0,0,0,105
0,0,1,681,0,0,0,0,110
1,0,1,682,0,1,0,0,155
1,0,0,683,0,0,0,0,130
1,0,0,684,0,0,0,0,95
1,1,0,685,1,0,0,0,185
1,0,1,686,0,1,0,0,130
1,0,1,687,0,1,0,0,185
0,1,0,688,0,0,0,0,105
1,1,0,689,1,0,0,0,165
0,0,0,690,0,0,0,0,135
1,0,1,691,0,1,0,0,175
1,0,0,692,0,0,0,0,135
1,0,1,693,0,1,0,0,130
1,1,1,694,1,1,1,1,223
0,0,0,695,0,0,0,0,125
0,0,1,696,0,0,0,0,165
0,1,0,697,0,0,0,0,105
0,1,0,698,0,0,0,0,95
0,0,1,699,0,0,0,0,130
0,0,1,700,0,0,0,0,125
1,0,0,701,0,0,0,0,150
0,1,0,702,0,0,0,0,160
0,0,0,703,0,0,0,0,90
1,1,0,704,1,0,0,0,185
1,1,1,705,1,1,1,1,203
0,1,1,706,0,0,1,0,158
0,0,0,707,0,0,0,0,125
1,1,0,708,1,0,0,0,175
1,0,1,709,0,1,0,0,155
0,1,0,710,0,0,0,0,125
1,1,1,711,1,1,1,1,233
1,1,0,712,1,0,0,0,125
1,0,0,713,0,0,0,0,100
1,1,0,714,1,0,0,0,170
0,0,0,715,0,0,0,0,130
0,0,1,716,0,0,0,0,115
1,1,0,717,1,0,0,0,155
0,0,0,718,0,0,0,0,125
1,0,0,719,0,0,0,0,120
1,0,1,720,0,1,0,0,190
0,1,0,721,0,0,0,0,145
0,0,1,722,0,0,0,0,125
1,0,1,723,0,1,0,0,130
1,1,0,724,1,0,0,0,140
0,0,0,725,0,0,0,0,85
0,1,0,726,0,0,0,0,95
1,1,1,727,1,1,1,1,183
0,0,1,728,0,0,0,0,155
0,0,1,729,0,0,0,0,170
0,1,0,730,0,0,0,0,125
0,1,1,731,0,0,1,0,163
0,0,0,732,0,0,0,0,85
0,0,1,733,0,0,0,0,150
1,1,0,734,1,0,0,0,145
0,1,1,735,0,0,1,0,158
1,0,0,736,0,0,0,0,155
0,1,1,737,0,0,1,0,178
1,0,1,738,0,1,0,0,170
0,1,0,739,0,0,0,0,105
0,0,0,740,0,0,0,0,95
1,1,0,741,1,0,0,0,180
1,0,0,742,0,0,0,0,150
1,0,0,743,0,0,0,0,140
1,1,1,744,1,1,1,1,183
1,1,0,745,1,0,0,0,135
1,0,1,746,0,1,0,0,155
0,0,0,747,0,0,0,0,115
1,0,0,748,0,0,0,0,105
0,1,1,749,0,0,1,0,183
0,1,1,750,0,0,1,0,128
0,1,1,751,0,0,1,0,178
0,1,0,752,0,0,0,0,155
1,1,1,753,1,1,1,1,228
1,0,1,754,0,1,0,0,165
1,0,1,755,0,1,0,0,140
1,1,0,756,1,0,0,0,135
1,1,0,757,1,0,0,0,180
0,0,1,758,0,0,0,0,105
0,0,0,759,0,0,0,0,140
1,0,1,760,0,1,0,0,155
0,0,1,761,0,0,0,0,135
1,0,0,762,0,0,0,0,155
1,1,1,763,1,1,1,1,173
0,0,1,764,0,0,0,0,130
0,0,0,765,0,0,0,0,90
0,0,0,766,0,0,0,0,90
1,1,1,767,1,1,1,1,208
0,0,0,768,0,0,0,0,120
1,1,1,769,1,1,1,1,198
1,1,1,770,1,1,1,1,218
1,0,1,771,0,1,0,0,185
1,1,0,772,1,0,0,0,155
0,1,1,773,0,0,1,0,178
0,1,0,774,0,0,0,0,110
0,1,0,775,0,0,0,0,120
0,1,0,776,0,0,0,0,100
1,0,0,777,0,0,0,0,100
0,1,0,778,0,0,0,0,100
1,1,0,779,1,0,0,0,140
1,1,1,780,1,1,1,1,188
0,1,1,781,0,0,1,0,173
0,1,1,782,0,0,1,0,178
1,1,0,783,1,0,0,0,145
1,1,1,784,1,1,1,1,233
0,0,1,785,0,0,0,0,155
0,0,1,786,0,0,0,0,115
0,0,0,787,0,0,0,0,105
1,0,1,788,0,1,0,0,140
0,1,0,789,0,0,0,0,125
0,0,1,790,0,0,0,0,165
0,1,1,791,0,0,1,0,143
1,0,1,792,0,1,0,0,150
0,0,1,793,0,0,0,0,175
1,1,1,794,1,1,1,1,173
0,0,1,795,0,0,0,0,150
0,0,1,796,0,0,0,0,155
1,0,1,797,0,1,0,0,160
0,0,1,798,0,0,0,0,175
0,0,0,799,0,0,0,0,85
0,0,1,800,0,0,0,0,175
1,1,0,801,1,0,0,0,170
1,1,1,802,1,1,1,1,193
1,0,0,803,0,0,0,0,100
0,0,0,804,0,0,0,0,110
0,0,0,805,0,0,0,0,95
1,1,1,806,1,1,1,1,193
0,1,0,807,0,0,0,0,150
0,0,1,808,0,0,0,0,110
0,1,1,809,0,0,1,0,153
1,1,1,810,1,1,1,1,223
0,1,1,811,0,0,1,0,133
1,1,0,812,1,0,0,0,175
0,0,1,813,0,0,0,0,170
1,1,1,814,1,1,1,1,208
1,0,1,815,0,1,0,0,120
1,1,1,816,1,1,1,1,198
0,0,0,817,0,0,0,0,130
1,1,0,818,1,0,0,0,120
0,0,0,819,0,0,0,0,140
0,1,0,820,0,0,0,0,145
0,0,1,821,0,0,0,0,125
0,1,0,822,0,0,0,0,145
0,0,1,823,0,0,0,0,150
0,1,0,824,0,0,0,0,105
0,0,0,825,0,0,0,0,125
1,0,0,826,0,0,0,0,155
1,0,0,827,0,0,0,0,150
0,1,1,828,0,0,1,0,183
0,0,0,829,0,0,0,0,130
1,1,1,830,1,1,1,1,203
1,1,1,831,1,1,1,1,193
0,0,0,832,0,0,0,0,90
1,1,0,833,1,0,0,0,175
1,0,1,834,0,1,0,0,170
1,1,0,835,1,0,0,0,175
1,1,0,836,1,0,0,0,120
1,1,0,837,1,0,0,0,130
0,1,0,838,0,0,0,0,135
1,1,0,839,1,0,0,0,125
1,1,1,840,1,1,1,1,213
0,1,1,841,0,0,1,0,168
0,0,0,842,0,0,0,0,100
0,1,0,843,0,0,0,0,120
1,1,0,844,1,0,0,0,165
1,0,0,845,0,0,0,0,100
0,0,1,846,0,0,0,0,115
0,1,1,847,0,0,1,0,163
1,0,0,848,0,0,0,0,95
1,1,0,849,1,0,0,0,125
1,1,1,850,1,1,1,1,208
1,0,0,851,0,0,0,0,130
1,0,0,852,0,0,0,0,110
1,1,0,853,1,0,0,0,140
0,1,1,854,0,0,1,0,173
0,0,0,855,0,0,0,0,140
1,0,1,856,0,1,0,0,125
1,0,1,857,0,1,0,0,190
1,0,0,858,0,0,0,0,90
1,0,1,859,0,1,0,0,135
0,1,1,860,0,0,1,0,153
1,0,1,861,0,1,0,0,180
1,0,0,862,0,0,0,0,105
1,1,1,863,1,1,1,1,218
1,0,0,864,0,0,0,0,150
1,0,1,865,0,1,0,0,155
1,0,0,866,0,0,0,0,135
1,1,0,867,1,0,0,0,145
0,1,1,868,0,0,1,0,163
0,1,1,869,0,0,1,0,193
1,0,0,870,0,0,0,0,105
1,1,1,871,1,1,1,1,163
1,1,0,872,1,0,0,0,190
1,1,1,873,1,1,1,1,183
1,1,0,874,1,0,0,0,165
1,1,0,875,1,0,0,0,125
0,1,0,876,0,0,0,0,165
0,1,0,877,0,0,0,0,160
0,0,0,878,0,0,0,0,140
0,1,1,879,0,0,1,0,158
0,0,0,880,0,0,0,0,135
1,0,0,881,0,0,0,0,110
0,1,0,882,0,0,0,0,115
1,0,1,883,0,1,0,0,190
1,1,0,884,1,0,0,0,190
0,1,0,885,0,0,0,0,130
1,0,0,886,0,0,0,0,145
1,1,0,887,1,0,0,0,145
0,0,1,888,0,0,0,0,120
0,0,0,889,0,0,0,0,125
0,1,1,890,0,0,1,0,153
0,1,0,891,0,0,0,0,100
1,1,0,892,1,0,0,0,190
0,1,1,893,0,0,1,0,178
1,0,0,894,0,0,0,0,150
0,1,1,895,0,0,1,0,158
1,1,0,896,1,0,0,0,130
1,1,1,897,1,1,1,1,213
1,0,1,898,0,1,0,0,120
0,1,0,899,0,0,0,0,105
1,1,1,900,1,1,1,1,228
0,1,1,901,0,0,1,0,138
1,0,1,902,0,1,0,0,140
1,0,1,903,0,1,0,0,135
1,0,1,904,0,1,0,0,140
0,0,0,905,0,0,0,0,95
1,0,0,906,0,0,0,0,90
1,1,0,907,1,0,0,0,185
1,0,0,908,0,0,0,0,155
1,1,1,909,1,1,1,1,228
1,0,1,910,0,1,0,0,150
0,0,0,911,0,0,0,0,110
0,1,0,912,0,0,0,0,100
1,1,1,913,1,1,1,1,188
0,0,0,914,0,0,0,0,145
0,0,0,915,0,0,0,0,105
0,1,1,916,0,0,1,0,163
0,1,1,917,0,0,1,0,163
0,0,0,918,0,0,0,0,90
1,0,1,919,0,1,0,0,160
0,0,1,920,0,0,0,0,115
0,0,0,921,0,0,0,0,125
0,0,1,922,0,0,0,0,145
0,0,0,923,0,0,0,0,95
1,1,1,924,1,1,1,1,228
0,1,1,925,0,0,1,0,143
0,1,0,926,0,0,0,0,125
1,1,0,927,1,0,0,0,180
1,1,1,928,1,1,1,1,178
1,0,0,929,0,0,0,0,110
0,0,0,930,0,0,0,0,140
0,0,0,931,0,0,0,0,125
0,1,1,932,0,0,1,0,188
0,0,1,933,0,0,0,0,140
0,1,0,934,0,0,0,0,160
1,0,0,935,0,0,0,0,100
1,1,0,936,1,0,0,0,165
0,1,0,937,0,0,0,0,145
0,0,1,938,0,0,0,0,120
0,1,0,939,0,0,0,0,135
1,1,0,940,1,0,0,0,165
1,0,0,941,0,0,0,0,155
0,0,1,942,0,0,0,0,130
1,0,1,943,0,1,0,0,160
1,0,0,944,0,0,0,0,90
1,1,0,945,1,0,0,0,145
1,0,0,946,0,0,0,0,135
0,0,0,947,0,0,0,0,125
0,1,0,948,0,0,0,0,150
1,0,0,949,0,0,0,0,100
1,0,0,950,0,0,0,0,135
1,1,1,951,1,1,1,1,178
0,0,1,952,0,0,0,0,145
0,1,1,953,0,0,1,0,178
0,1,1,954,0,0,1,0,163
0,1,1,955,0,0,1,0,153
1,0,1,956,0,1,0,0,170
1,1,1,957,1,1,1,1,198
0,1,0,958,0,0,0,0,110
0,0,0,959,0,0,0,0,110
0,0,0,960,0,0,0,0,85
0,1,1,961,0,0,1,0,148
1,1,0,962,1,0,0,0,160
0,0,1,963,0,0,0,0,105
1,0,0,964,0,0,0,0,105
0,1,1,965,0,0,1,0,173
0,0,1,966,0,0,0,0,155
1,1,1,967,1,1,1,1,218
1,0,0,968,0,0,0,0,95
0,0,1,969,0,0,0,0,110
0,0,0,970,0,0,0,0,145
1,0,1,971,0,1,0,0,185
0,1,0,972,0,0,0,0,160
0,0,0,973,0,0,0,0,125
1,1,1,974,1,1,1,1,173
0,0,1,975,0,0,0,0,170
0,1,0,976,0,0,0,0,160
0,1,0,977,0,0,0,0,105
1,1,0,978,1,0,0,0,125
0,1,1,979,0,0,1,0,168
0,0,0,980,0,0,0,0,105
0,1,0,981,0,0,0,0,125
0,1,1,982,0,0,1,0,163
0,0,1,983,0,0,0,0,160
1,0,1,984,0,1,0,0,180
0,1,1,985,0,0,1,0,148
1,1,1,986,1,1,1,1,213
0,1,0,987,0,0,0,0,130
0,0,0,988,0,0,0,0,85
1,0,1,989,0,1,0,0,125
0,0,1,990,0,0,0,0,120
1,0,0,991,0,0,0,0,105
0,0,1,992,0,0,0,0,135
0,1,1,993,0,0,1,0,168
1,1,1,994,1,1,1,1,213
0,1,1,995,0,0,1,0,143
0,1,1,996,0,0,1,0,193
1,1,0,997,1,0,0,0,155
1,1,1,998,1,1,1,1,183
0,0,1,999,0,0,0,0,125
0,1,0,1000,0,0,0,0,140
