A,B,C,y,Run Order
-1,-1,-1,-0.1070657493854208,5
-1,-1,-1,1.3774292421106602,5
-1,-1,-1,2.1844411766830563,5
-1,-1,-1,-1.2456977026293492,5
-1,-1,-1,1.5291246888110501,5
-1,-1,-1,1.606055892157574,5
-1,-1,-1,0.5252600398653513,5
-1,-1,-1,0.553368144215813,5
-1,-1,-1,0.5355480009067171,5
-1,-1,-1,0.2099621709558963,5
-1,-1,-1,0.6228073002464531,5
-1,-1,-1,0.10161355514029613,5
-1,-1,-1,0.3237461053620101,5
-1,-1,-1,1.1644588172762695,5
-1,-1,-1,2.0594940589707713,5
-1,-1,-1,0.9897145056092258,5
-1,-1,-1,0.5889904941933579,5
-1,-1,-1,0.1888045833701889,5
-1,-1,-1,0.2628283197310606,5
-1,-1,-1,3.515835178489341,5
-1,-1,-1,1.2340882201520313,5
-1,-1,-1,0.6093141033090572,5
-1,-1,-1,0.6594521276467731,5
-1,-1,-1,1.5595894410058537,5
-1,-1,-1,0.4062797530625246,5
-1,-1,-1,-0.34820491038647194,5
-1,-1,-1,1.6747557209007284,5
-1,-1,-1,0.07634427703612112,5
-1,-1,-1,1.0848616996358185,5
-1,-1,-1,0.16405139883160647,5
-1,-1,-1,2.202297546200263,5
-1,-1,-1,0.6244069211309426,5
-1,-1,-1,0.3905599624874939,5
-1,-1,-1,0.5987419394052387,5
-1,-1,-1,-0.5290934690787039,5
-1,-1,-1,-0.06761926209418623,5
-1,-1,-1,-1.0800396489486737,5
-1,-1,-1,-0.24099319210002834,5
-1,-1,-1,0.8057061412362868,5
-1,-1,-1,0.6341024595938898,5
-1,-1,-1,2.5494962652871322,5
-1,-1,-1,0.03135727632541907,5
-1,-1,-1,0.24463536626249305,5
-1,-1,-1,0.8193769980425463,5
-1,-1,-1,0.10565992370433519,5
-1,-1,-1,0.1314856821279511,5
-1,-1,-1,-0.007318192641765808,5
-1,-1,-1,-0.15198588563894,5
-1,-1,-1,0.5761718810126444,5
-1,-1,-1,0.6031500427333001,5
-1,-1,-1,-0.7060312568019487,5
-1,-1,-1,0.5179240753106673,5
-1,-1,-1,-0.008889624426781317,5
-1,-1,-1,0.08503799050799077,5
-1,-1,-1,0.9376904764431808,5
-1,-1,-1,1.6630558189945175,5
-1,-1,-1,2.7478174728150613,5
-1,-1,-1,0.326646576056305,5
-1,-1,-1,2.705909628857296,5
-1,-1,-1,-0.057808547694409906,5
-1,-1,-1,1.7565884643328074,5
-1,-1,-1,3.6489910707178566,5
-1,-1,-1,1.0652396101961625,5
-1,-1,-1,0.4303664203380426,5
-1,-1,-1,1.0923952442890255,5
-1,-1,-1,2.8770844481434263,5
-1,-1,-1,-0.03860773675090856,5
-1,-1,-1,2.4678271794232627,5
-1,-1,-1,2.4295647907823605,5
-1,-1,-1,1.4364727972038174,5
-1,-1,-1,1.106892838441958,5
-1,-1,-1,0.644531261838572,5
-1,-1,-1,0.7334760671260669,5
-1,-1,-1,1.7482865675031478,5
-1,-1,-1,3.1702708613309434,5
-1,-1,-1,0.94660158753303,5
-1,-1,-1,-0.29070094670149094,5
-1,-1,-1,0.3764182228898457,5
-1,-1,-1,1.3582617621678534,5
-1,-1,-1,0.7829408850388011,5
-1,-1,-1,0.9222100423357057,5
-1,-1,-1,0.9300059231454595,5
-1,-1,-1,-0.2723018858766937,5
-1,-1,-1,0.9262128295859668,5
-1,-1,-1,1.9502322571218844,5
-1,-1,-1,1.797608711668253,5
-1,-1,-1,1.6499973510911012,5
-1,-1,-1,0.6972680245523772,5
-1,-1,-1,0.9084062295215234,5
-1,-1,-1,-0.09452787960251308,5
-1,-1,-1,1.0468411812566762,5
-1,-1,-1,1.3551960009958335,5
-1,-1,-1,2.8059640072400747,5
-1,-1,-1,2.1015132523634485,5
-1,-1,-1,0.60441655699854,5
-1,-1,-1,1.4555502969997491,5
-1,-1,-1,-0.03460804353384783,5
-1,-1,-1,1.9782036269522916,5
-1,-1,-1,2.0729167533761226,5
-1,-1,-1,3.2211171053756757,5
-1,-1,1,2.2145235343749854,8
-1,-1,1,1.32528152647064,8
-1,-1,1,1.8659934937044613,8
-1,-1,1,1.2975222176061338,8
-1,-1,1,0.9740014128706644,8
-1,-1,1,1.9669892797529838,8
-1,-1,1,0.9037353737552415,8
-1,-1,1,1.9681853876557571,8
-1,-1,1,2.1549682610148544,8
-1,-1,1,1.7478948831288665,8
-1,-1,1,1.6040653812837469,8
-1,-1,1,1.1509302483942396,8
-1,-1,1,0.6902327686012684,8
-1,-1,1,2.649274202655058,8
-1,-1,1,1.8223625260760241,8
-1,-1,1,2.6311406173068352,8
-1,-1,1,0.5557121486557723,8
-1,-1,1,1.9690264137661753,8
-1,-1,1,2.4731663069476792,8
-1,-1,1,1.773723623551474,8
-1,-1,1,1.6086078314439762,8
-1,-1,1,1.0180933533001237,8
-1,-1,1,3.8581619877634905,8
-1,-1,1,2.5505014531558308,8
-1,-1,1,3.624208302378289,8
-1,-1,1,1.880059641091988,8
-1,-1,1,1.1685907010336343,8
-1,-1,1,0.2867118799662729,8
-1,-1,1,1.1639001689149486,8
-1,-1,1,2.0263015324971607,8
-1,-1,1,2.8136903474657484,8
-1,-1,1,2.0527501350663417,8
-1,-1,1,0.6280516871588793,8
-1,-1,1,2.4687143285250337,8
-1,-1,1,0.14989906515563933,8
-1,-1,1,1.4341477518080992,8
-1,-1,1,1.4838816711669203,8
-1,-1,1,-0.14824604732136892,8
-1,-1,1,2.7200575223909054,8
-1,-1,1,1.1771284051211253,8
-1,-1,1,1.4659633500025415,8
-1,-1,1,3.195147892529623,8
-1,-1,1,2.43667441103895,8
-1,-1,1,1.6915683030096174,8
-1,-1,1,2.3137627784046737,8
-1,-1,1,2.1992718072739583,8
-1,-1,1,3.462856447430405,8
-1,-1,1,2.075893403585483,8
-1,-1,1,2.306272623207687,8
-1,-1,1,2.1475519750238115,8
-1,-1,1,1.4227623525036868,8
-1,-1,1,1.8976194631092373,8
-1,-1,1,3.438744645121728,8
-1,-1,1,0.9244075258104313,8
-1,-1,1,1.9217599986410459,8
-1,-1,1,3.1621306608449817,8
-1,-1,1,1.56537891307729,8
-1,-1,1,0.746617192056914,8
-1,-1,1,0.9302163943640883,8
-1,-1,1,1.4098729703529451,8
-1,-1,1,0.9526499268704282,8
-1,-1,1,1.5393606079006008,8
-1,-1,1,1.3855802936581068,8
-1,-1,1,1.6169492022805665,8
-1,-1,1,2.2070560978805775,8
-1,-1,1,2.4246331282021467,8
-1,-1,1,3.478205743704712,8
-1,-1,1,1.7313063464350094,8
-1,-1,1,1.4791600873418225,8
-1,-1,1,3.2710057170489053,8
-1,-1,1,3.5043293978270986,8
-1,-1,1,1.8432440375575292,8
-1,-1,1,1.4673426808664811,8
-1,-1,1,-0.02223541756309566,8
-1,-1,1,3.21126239874678,8
-1,-1,1,0.962417565923139,8
-1,-1,1,0.6762372056046837,8
-1,-1,1,4.843765886095288,8
-1,-1,1,2.0350213082506707,8
-1,-1,1,1.7667413898866944,8
-1,-1,1,-0.9322195229558032,8
-1,-1,1,1.700209411558104,8
-1,-1,1,2.7760317349223964,8
-1,-1,1,2.2138689154510973,8
-1,-1,1,2.7123221616101136,8
-1,-1,1,3.783732200684385,8
-1,-1,1,2.9691085140136266,8
-1,-1,1,1.2912629845847805,8
-1,-1,1,2.504180178465512,8
-1,-1,1,1.6015837261779213,8
-1,-1,1,1.2619292111151372,8
-1,-1,1,-1.0557586550192346,8
-1,-1,1,1.010353147736239,8
-1,-1,1,2.2878146351636848,8
-1,-1,1,3.968032539519327,8
-1,-1,1,2.300694614280786,8
-1,-1,1,2.42021020366732,8
-1,-1,1,0.8340967898664248,8
-1,-1,1,1.962654708118265,8
-1,-1,1,-0.2782375418873768,8
-1,1,-1,0.18522682056925244,1
-1,1,-1,0.3967687785649126,1
-1,1,-1,-0.11448608441694291,1
-1,1,-1,0.40073351554446107,1
-1,1,-1,0.011681028661359283,1
-1,1,-1,0.46046236196783824,1
-1,1,-1,1.5424636262076608,1
-1,1,-1,0.8123628412625958,1
-1,1,-1,-0.26733604249855586,1
-1,1,-1,-1.4144489647973644,1
-1,1,-1,0.118057822385083,1
-1,1,-1,-0.7002352373431631,1
-1,1,-1,1.1934931026174804,1
-1,1,-1,-1.9070809398497166,1
-1,1,-1,-0.7157517884015153,1
-1,1,-1,0.12200837321741997,1
-1,1,-1,-0.4517365365349772,1
-1,1,-1,-0.9061511152642197,1
-1,1,-1,-0.6047210689667141,1
-1,1,-1,0.3295360998844716,1
-1,1,-1,0.5951719802755386,1
-1,1,-1,0.36021263182040536,1
-1,1,-1,1.9734835204474794,1
-1,1,-1,0.8734975726323913,1
-1,1,-1,-0.012290271686213106,1
-1,1,-1,-0.9597700938213056,1
-1,1,-1,2.619140130717616,1
-1,1,-1,0.3774155004383278,1
-1,1,-1,-0.9843203441360069,1
-1,1,-1,-0.11350791691902948,1
-1,1,-1,-0.6243933004836572,1
-1,1,-1,-0.5747042182258064,1
-1,1,-1,-1.2335033405898677,1
-1,1,-1,-0.18315465501391842,1
-1,1,-1,0.01916023864811711,1
-1,1,-1,-1.3775421227594298,1
-1,1,-1,-3.5331521329231372,1
-1,1,-1,-0.5548746526545338,1
-1,1,-1,-0.27048216967852023,1
-1,1,-1,0.29427377411051253,1
-1,1,-1,-0.24086483182120313,1
-1,1,-1,0.11339889473704556,1
-1,1,-1,-1.3977721745704208,1
-1,1,-1,0.4111752572704405,1
-1,1,-1,0.41888872985414277,1
-1,1,-1,-0.04834893097103232,1
-1,1,-1,1.0572744361517743,1
-1,1,-1,0.10446847127860726,1
-1,1,-1,-0.035635730162061285,1
-1,1,-1,-0.03195609585630266,1
-1,1,-1,0.1369305770394833,1
-1,1,-1,0.7601239054873643,1
-1,1,-1,0.15219039652871524,1
-1,1,-1,0.36319861568706496,1
-1,1,-1,-1.436373553990835,1
-1,1,-1,-0.6704975170921171,1
-1,1,-1,1.1769695897924701,1
-1,1,-1,-1.523903750513756,1
-1,1,-1,-0.04193161260389444,1
-1,1,-1,0.10500280543351648,1
-1,1,-1,0.6758033218094499,1
-1,1,-1,-0.6488767365399088,1
-1,1,-1,-0.14137456050873762,1
-1,1,-1,-2.0632550665411533,1
-1,1,-1,0.038596047099905106,1
-1,1,-1,-0.9665650295592729,1
-1,1,-1,-0.5386466243276441,1
-1,1,-1,-1.4877652824571939,1
-1,1,-1,0.08493532176857838,1
-1,1,-1,0.3665795156544796,1
-1,1,-1,-0.6046138894577353,1
-1,1,-1,1.5250110640862957,1
-1,1,-1,0.37055937056758753,1
-1,1,-1,0.6486325732551532,1
-1,1,-1,1.7494030016709108,1
-1,1,-1,-0.9511136092375347,1
-1,1,-1,0.5086192728462935,1
-1,1,-1,0.6865806139545629,1
-1,1,-1,-0.3061707960907,1
-1,1,-1,0.019052357931911734,1
-1,1,-1,-1.3118219027418443,1
-1,1,-1,0.17016754772638892,1
-1,1,-1,-1.0009703316290974,1
-1,1,-1,0.5136828625264913,1
-1,1,-1,-1.1114307839927722,1
-1,1,-1,0.019397487099460264,1
-1,1,-1,-1.1465226531636243,1
-1,1,-1,-0.5457631791287325,1
-1,1,-1,-1.852859011105461,1
-1,1,-1,-0.17156596707424665,1
-1,1,-1,0.6854433894048675,1
-1,1,-1,-0.11675247693280855,1
-1,1,-1,-2.0662292134304585,1
-1,1,-1,-0.9205336966159436,1
-1,1,-1,1.3560430369987357,1
-1,1,-1,1.5098053855838762,1
-1,1,-1,-1.4750367680121352,1
-1,1,-1,-0.6667032588276411,1
-1,1,-1,0.05362544892728677,1
-1,1,-1,0.01915622086789759,1
-1,1,1,-1.6799569890194017,2
-1,1,1,-2.0532787019469065,2
-1,1,1,-1.279428586945621,2
-1,1,1,-0.0901917850556968,2
-1,1,1,-1.0763733850785913,2
-1,1,1,-1.7490282195839006,2
-1,1,1,-1.604374222048191,2
-1,1,1,0.514391495458363,2
-1,1,1,-1.546959811255663,2
-1,1,1,-0.3368232388866852,2
-1,1,1,0.37171868618579884,2
-1,1,1,-0.6563350963125846,2
-1,1,1,-1.5217218700701889,2
-1,1,1,-1.1400016262060737,2
-1,1,1,-1.5922799682278874,2
-1,1,1,0.12771711731275115,2
-1,1,1,-1.2495535652443923,2
-1,1,1,0.4499833839824632,2
-1,1,1,-1.6616125353813138,2
-1,1,1,-1.747117250632361,2
-1,1,1,-0.9568678409495733,2
-1,1,1,-1.075811352008949,2
-1,1,1,-1.604451524580869,2
-1,1,1,-2.681396809930339,2
-1,1,1,-1.069933578744582,2
-1,1,1,-1.8165766990707013,2
-1,1,1,-0.017389044523881125,2
-1,1,1,-2.0526854549392937,2
-1,1,1,0.026482729009157158,2
-1,1,1,-1.749043017379116,2
-1,1,1,-0.807529921593274,2
-1,1,1,-0.20129727559726307,2
-1,1,1,-1.618742356791874,2
-1,1,1,-0.5455614476548749,2
-1,1,1,-1.1879736711840128,2
-1,1,1,-2.235212929407522,2
-1,1,1,-1.3700796109999018,2
-1,1,1,0.5197898775349361,2
-1,1,1,-1.3141311736966403,2
-1,1,1,-1.917782462924957,2
-1,1,1,-1.1540229240816073,2
-1,1,1,-0.7698583901421308,2
-1,1,1,-0.14467538534260083,2
-1,1,1,0.04395987779244126,2
-1,1,1,-0.9994776016249369,2
-1,1,1,0.06457524565738293,2
-1,1,1,-1.8642599477991477,2
-1,1,1,-3.4445134046903036,2
-1,1,1,-1.5716834255295358,2
-1,1,1,-1.61585548950739,2
-1,1,1,-3.416036151502561,2
-1,1,1,-0.5375282430304674,2
-1,1,1,-1.8837751394223807,2
-1,1,1,-1.3260539862281653,2
-1,1,1,-2.687102987654042,2
-1,1,1,-0.5524757981316842,2
-1,1,1,0.7912270173554805,2
-1,1,1,-1.978077110224044,2
-1,1,1,-1.212558911044787,2
-1,1,1,0.8487130649759909,2
-1,1,1,-0.16618366779227312,2
-1,1,1,0.8130594216970479,2
-1,1,1,-1.1052340579319397,2
-1,1,1,-1.2522600489216351,2
-1,1,1,-1.6096316571791183,2
-1,1,1,0.33457370342611714,2
-1,1,1,-2.3858385323329885,2
-1,1,1,-0.7926857847449819,2
-1,1,1,-1.146318533277383,2
-1,1,1,1.1518418001268782,2
-1,1,1,-1.7080337286097078,2
-1,1,1,-2.6092881698510357,2
-1,1,1,-0.8673682304914244,2
-1,1,1,-1.1396486960510934,2
-1,1,1,-1.9391250675053455,2
-1,1,1,-0.9677089117558441,2
-1,1,1,-1.375524746705939,2
-1,1,1,-1.7787586412680318,2
-1,1,1,-0.5991640682241748,2
-1,1,1,-1.4316623120067886,2
-1,1,1,-2.9349802507725267,2
-1,1,1,-3.7517412483726815,2
-1,1,1,-1.680582172084415,2
-1,1,1,0.3541868708711895,2
-1,1,1,-0.2618706200353075,2
-1,1,1,0.1150535804461359,2
-1,1,1,-0.11749455726720548,2
-1,1,1,-0.7842359759815695,2
-1,1,1,-2.6070626277163207,2
-1,1,1,-0.894430212833723,2
-1,1,1,0.49722809034380977,2
-1,1,1,-4.496063534574364,2
-1,1,1,-1.881352284302082,2
-1,1,1,0.00246464075190711,2
-1,1,1,-0.5712549805547075,2
-1,1,1,-0.3106055964851461,2
-1,1,1,-0.6429004941439187,2
-1,1,1,-0.5611668843418776,2
-1,1,1,-1.0853568775888989,2
-1,1,1,-2.0164891357030936,2
1,-1,-1,-0.22681509076765516,4
1,-1,-1,1.0361528681302234,4
1,-1,-1,0.5786068864286101,4
1,-1,-1,0.10063559153709523,4
1,-1,-1,1.4174413174865617,4
1,-1,-1,1.15344473686401,4
1,-1,-1,2.463283045193246,4
1,-1,-1,-0.12150249732554186,4
1,-1,-1,0.482211916944976,4
1,-1,-1,0.9250529116614766,4
1,-1,-1,-0.4077900814390809,4
1,-1,-1,0.7152941318895227,4
1,-1,-1,0.2918288217866236,4
1,-1,-1,-1.1476390011375162,4
1,-1,-1,0.7161628393886423,4
1,-1,-1,0.46592783602391297,4
1,-1,-1,2.1330101941541955,4
1,-1,-1,0.39593107715234443,4
1,-1,-1,1.557511595592472,4
1,-1,-1,1.1426292932550868,4
1,-1,-1,-0.2368602148453245,4
1,-1,-1,1.3741439725031896,4
1,-1,-1,0.8939138765335465,4
1,-1,-1,1.166061986509049,4
1,-1,-1,1.6580348483424063,4
1,-1,-1,1.1139629199713856,4
1,-1,-1,2.585159164031191,4
1,-1,-1,1.1155534404433243,4
1,-1,-1,-0.2539990392835152,4
1,-1,-1,1.7418647793007402,4
1,-1,-1,-0.22290161499984862,4
1,-1,-1,-0.9188941317621135,4
1,-1,-1,0.19006361007920647,4
1,-1,-1,0.25532277121472247,4
1,-1,-1,0.39249407730680086,4
1,-1,-1,2.6067595660649365,4
1,-1,-1,2.635599446283628,4
1,-1,-1,1.7260910966984924,4
1,-1,-1,-0.2738349250434584,4
1,-1,-1,1.0231465554333403,4
1,-1,-1,1.4871212338264783,4
1,-1,-1,0.862972496730269,4
1,-1,-1,1.1717454824560094,4
1,-1,-1,0.05520608510001335,4
1,-1,-1,-0.28762030600621236,4
1,-1,-1,2.407765738751031,4
1,-1,-1,1.2673726890531598,4
1,-1,-1,0.5916023578539876,4
1,-1,-1,1.3252712199169407,4
1,-1,-1,3.0624809731193534,4
1,-1,-1,1.3626669556639508,4
1,-1,-1,2.4114046447038975,4
1,-1,-1,2.3675443145754276,4
1,-1,-1,0.5928238528784611,4
1,-1,-1,1.7625417308858529,4
1,-1,-1,0.34879917696827734,4
1,-1,-1,-0.4736557794683176,4
1,-1,-1,-0.20166579640510984,4
1,-1,-1,0.8512795218699076,4
1,-1,-1,2.7970624285523087,4
1,-1,-1,1.1048087178555714,4
1,-1,-1,0.197162026648524,4
1,-1,-1,1.2303749641636745,4
1,-1,-1,1.6979751932180878,4
1,-1,-1,-0.2952017319458806,4
1,-1,-1,-0.05468021797766487,4
1,-1,-1,-0.9416074896750715,4
1,-1,-1,-0.2695605930037217,4
1,-1,-1,0.11256118918389235,4
1,-1,-1,0.7080842372968059,4
1,-1,-1,2.4100940529730295,4
1,-1,-1,1.8886414302639398,4
1,-1,-1,1.2729743196902614,4
1,-1,-1,0.43335853397381074,4
1,-1,-1,0.9597930625634256,4
1,-1,-1,1.547612245301063,4
1,-1,-1,0.4959666783944642,4
1,-1,-1,2.0590701295587994,4
1,-1,-1,2.0974535664357874,4
1,-1,-1,-0.16650462962558588,4
1,-1,-1,0.2530886899139395,4
1,-1,-1,2.206738733339267,4
1,-1,-1,-0.6872198805433503,4
1,-1,-1,1.4197098949063274,4
1,-1,-1,1.2334987616387962,4
1,-1,-1,4.195901197857387,4
1,-1,-1,-1.7296803412269512,4
1,-1,-1,0.15920419857595336,4
1,-1,-1,1.6740286686504557,4
1,-1,-1,2.6743265096713893,4
1,-1,-1,1.8396870838404942,4
1,-1,-1,-0.42836843555519066,4
1,-1,-1,3.239388169167821,4
1,-1,-1,-0.7572662241017547,4
1,-1,-1,-0.11301608790465822,4
1,-1,-1,0.9568596093866664,4
1,-1,-1,3.225586908906603,4
1,-1,-1,1.5063165873382198,4
1,-1,-1,1.730396051435768,4
1,-1,-1,2.728077594736817,4
1,-1,1,3.584779968314556,7
1,-1,1,1.3752621240357337,7
1,-1,1,3.3097262180658253,7
1,-1,1,2.490780007421936,7
1,-1,1,4.382607895388333,7
1,-1,1,2.356555320397025,7
1,-1,1,1.0728929777453893,7
1,-1,1,3.091834371466622,7
1,-1,1,2.954503660926992,7
1,-1,1,2.582373652369623,7
1,-1,1,1.5434496778827749,7
1,-1,1,1.7610853339217312,7
1,-1,1,2.587374283509574,7
1,-1,1,3.6381101460043297,7
1,-1,1,2.2355422860949394,7
1,-1,1,1.7285505278146054,7
1,-1,1,-0.10420302544669813,7
1,-1,1,3.094249836540647,7
1,-1,1,3.027340324999113,7
1,-1,1,3.9091908601096845,7
1,-1,1,4.0667226423106975,7
1,-1,1,2.456943933705384,7
1,-1,1,3.8985137262107408,7
1,-1,1,2.601313547555922,7
1,-1,1,1.9235899243144194,7
1,-1,1,1.7518034031145322,7
1,-1,1,2.2530588995925647,7
1,-1,1,2.8274794430270713,7
1,-1,1,2.5725985963888887,7
1,-1,1,2.800877790585033,7
1,-1,1,2.798942671822796,7
1,-1,1,3.31459935608369,7
1,-1,1,2.326818225110151,7
1,-1,1,4.235347457931729,7
1,-1,1,3.0376938864796434,7
1,-1,1,1.40646414925092,7
1,-1,1,2.3233501958008196,7
1,-1,1,3.1158830505351185,7
1,-1,1,2.188944667913657,7
1,-1,1,2.9449950494725745,7
1,-1,1,3.0343958608311388,7
1,-1,1,3.903477683005029,7
1,-1,1,1.9483040892669241,7
1,-1,1,2.5831191376720115,7
1,-1,1,2.032307544706409,7
1,-1,1,1.4728671302367158,7
1,-1,1,0.7510296888209675,7
1,-1,1,2.7955290551818903,7
1,-1,1,3.2015652251955875,7
1,-1,1,3.239158159789933,7
1,-1,1,1.2100071825379193,7
1,-1,1,1.4703221466024154,7
1,-1,1,1.4588458051624322,7
1,-1,1,1.9113285003991136,7
1,-1,1,2.770197818152129,7
1,-1,1,3.19448342725741,7
1,-1,1,1.7849673492750426,7
1,-1,1,-0.26434683706672946,7
1,-1,1,3.55382348170826,7
1,-1,1,3.2152847706134438,7
1,-1,1,1.8991292994497369,7
1,-1,1,1.5263386585302103,7
1,-1,1,2.3000088032002637,7
1,-1,1,2.7081065628025707,7
1,-1,1,3.3232007635876744,7
1,-1,1,3.9900950960742665,7
1,-1,1,1.7511166016215967,7
1,-1,1,2.890722844643498,7
1,-1,1,3.9341760337024225,7
1,-1,1,1.6986578447409175,7
1,-1,1,2.377236587067149,7
1,-1,1,0.8285319717966013,7
1,-1,1,2.8874222501144455,7
1,-1,1,1.958808237676001,7
1,-1,1,1.6750623577610533,7
1,-1,1,1.8200225308146767,7
1,-1,1,3.044503373594371,7
1,-1,1,0.43753099738833967,7
1,-1,1,2.1744891000790547,7
1,-1,1,1.5862823407954543,7
1,-1,1,1.6378809716962532,7
1,-1,1,3.0746346272773644,7
1,-1,1,2.951754269604537,7
1,-1,1,2.4929796437530194,7
1,-1,1,3.137517256600346,7
1,-1,1,1.9978951015518698,7
1,-1,1,0.576702354666319,7
1,-1,1,3.7544212805981387,7
1,-1,1,2.369307002305891,7
1,-1,1,2.234911231785089,7
1,-1,1,2.7575179293757226,7
1,-1,1,3.3659322229843958,7
1,-1,1,3.0260869662023135,7
1,-1,1,3.527265399965311,7
1,-1,1,2.6461345928404874,7
1,-1,1,2.095714356908889,7
1,-1,1,2.2995505916444383,7
1,-1,1,3.422915978645871,7
1,-1,1,1.750731203870961,7
1,-1,1,1.646389904318804,7
1,1,-1,-0.08652128411742438,3
1,1,-1,0.21247330743331416,3
1,1,-1,-2.091083227536882,3
1,1,-1,0.38469862744232475,3
1,1,-1,-0.3880748647399771,3
1,1,-1,-0.5812552878699606,3
1,1,-1,0.7069544024806699,3
1,1,-1,1.0793948709882626,3
1,1,-1,-1.5473994409998415,3
1,1,-1,0.6116543765139953,3
1,1,-1,-1.0320691949748817,3
1,1,-1,-0.2676386804809104,3
1,1,-1,0.0809260647253241,3
1,1,-1,-0.26682237241539286,3
1,1,-1,-1.8628644623281936,3
1,1,-1,-0.9064017804747411,3
1,1,-1,1.1396632373375453,3
1,1,-1,-0.2272063816127087,3
1,1,-1,-1.235823924079678,3
1,1,-1,-1.0559287038796081,3
1,1,-1,0.6575660865353198,3
1,1,-1,-0.05391651013463289,3
1,1,-1,-1.2971865419936943,3
1,1,-1,-0.3937347887443696,3
1,1,-1,0.19667050907573025,3
1,1,-1,1.3225518079440097,3
1,1,-1,-1.2817494834093455,3
1,1,-1,-0.7799459551668677,3
1,1,-1,0.5961100158737623,3
1,1,-1,-0.859120892943841,3
1,1,-1,1.0602657462125675,3
1,1,-1,0.6432461769503522,3
1,1,-1,-2.0590409703468344,3
1,1,-1,0.023957776227395533,3
1,1,-1,-1.8191629261852391,3
1,1,-1,-1.8646924566706824,3
1,1,-1,-0.3295790278521683,3
1,1,-1,-0.34330177801972844,3
1,1,-1,-0.43270817726558747,3
1,1,-1,0.8642812240663748,3
1,1,-1,-0.10501211426976104,3
1,1,-1,-1.0730868205044888,3
1,1,-1,-0.2804117085090439,3
1,1,-1,-0.9143965089912942,3
1,1,-1,-0.46811157386653696,3
1,1,-1,-1.5480119118367428,3
1,1,-1,-0.5152444801291693,3
1,1,-1,-0.2970636081509914,3
1,1,-1,-1.1017434871031395,3
1,1,-1,-0.358769375729706,3
1,1,-1,-1.0487683505984786,3
1,1,-1,-1.0440078594664426,3
1,1,-1,-0.6044388250663719,3
1,1,-1,0.09084091766159252,3
1,1,-1,-0.6053369872705298,3
1,1,-1,-0.20930867607474438,3
1,1,-1,0.5700241926611237,3
1,1,-1,-0.6852610778470694,3
1,1,-1,-0.5036192685417663,3
1,1,-1,0.11125454120370604,3
1,1,-1,-1.6581624500157215,3
1,1,-1,0.14382596895619426,3
1,1,-1,-0.9349635865829892,3
1,1,-1,-1.5380460267800724,3
1,1,-1,-2.1680037708756537,3
1,1,-1,-1.1149782028677422,3
1,1,-1,-1.5702022643596214,3
1,1,-1,-1.5784481484194592,3
1,1,-1,1.2272913379533326,3
1,1,-1,-1.6121466656285333,3
1,1,-1,0.5975099174412852,3
1,1,-1,0.14524564142017116,3
1,1,-1,-1.2847891151751205,3
1,1,-1,-1.011230697881371,3
1,1,-1,-0.8101995128333568,3
1,1,-1,-0.20959063016318552,3
1,1,-1,-0.7483249289593379,3
1,1,-1,0.42684753028498823,3
1,1,-1,-0.6926869023027227,3
1,1,-1,-2.565346209963241,3
1,1,-1,-0.4962167762033804,3
1,1,-1,-2.251956846248585,3
1,1,-1,0.5378111352320892,3
1,1,-1,-1.147686481439497,3
1,1,-1,-1.5152414357001653,3
1,1,-1,-0.9915064152988243,3
1,1,-1,0.18523068390919284,3
1,1,-1,-2.318558199309863,3
1,1,-1,-0.14618320849590732,3
1,1,-1,-1.372241766246169,3
1,1,-1,-0.40851344803801687,3
1,1,-1,0.2790419110074791,3
1,1,-1,0.1696313666924223,3
1,1,-1,1.1029616611283966,3
1,1,-1,-0.2709145988345256,3
1,1,-1,-1.101182951676618,3
1,1,-1,1.7537072159772311,3
1,1,-1,-0.7032461382617495,3
1,1,-1,0.4075797769080126,3
1,1,-1,0.5309914661264149,3
1,1,1,0.8549020982729327,6
1,1,1,1.8254206900636007,6
1,1,1,0.19100882748724998,6
1,1,1,-0.8314027790906079,6
1,1,1,0.03939642284665312,6
1,1,1,-0.14721329948405637,6
1,1,1,0.7279960075144671,6
1,1,1,-0.5332998320936565,6
1,1,1,1.0808108248001755,6
1,1,1,-0.7638824001863574,6
1,1,1,2.1554495098833475,6
1,1,1,1.849637364254908,6
1,1,1,-0.048794941211084075,6
1,1,1,0.5400672889304644,6
1,1,1,0.026349671822418153,6
1,1,1,-0.8064341172380846,6
1,1,1,-2.2613459749410127,6
1,1,1,0.3749055067344095,6
1,1,1,0.3656267427509363,6
1,1,1,2.0423590390448476,6
1,1,1,-1.5954621475388309,6
1,1,1,-0.26217075860240935,6
1,1,1,1.2800379923100327,6
1,1,1,0.7423874200016432,6
1,1,1,0.5217538555237856,6
1,1,1,-0.2207610345118134,6
1,1,1,0.6009452675740227,6
1,1,1,0.16409465197665912,6
1,1,1,0.5136611149702266,6
1,1,1,-0.17792919528781814,6
1,1,1,1.588564885838331,6
1,1,1,1.4599362781214738,6
1,1,1,1.7367582108646764,6
1,1,1,0.03283082886978311,6
1,1,1,0.09566329522160505,6
1,1,1,0.049720375764286784,6
1,1,1,1.7741447627280253,6
1,1,1,0.10027950812493092,6
1,1,1,0.49763514422523214,6
1,1,1,0.7811880287237218,6
1,1,1,1.0782125568187833,6
1,1,1,0.13232672776573035,6
1,1,1,2.745965664334913,6
1,1,1,-0.5274946555248294,6
1,1,1,-1.0265571736977384,6
1,1,1,0.4423026643898127,6
1,1,1,2.167443470004814,6
1,1,1,0.4527503271453671,6
1,1,1,0.5097260399699677,6
1,1,1,1.2632026155581535,6
1,1,1,0.3010267952303829,6
1,1,1,0.5036965460862206,6
1,1,1,1.6084848756846393,6
1,1,1,0.4937460210527718,6
1,1,1,-0.3521965189460833,6
1,1,1,0.7949242198726606,6
1,1,1,-0.6915204339874187,6
1,1,1,-1.058292424995694,6
1,1,1,0.2772877150442457,6
1,1,1,-0.7009291916683963,6
1,1,1,0.9809230718397566,6
1,1,1,0.25305251064021217,6
1,1,1,-0.3663346150723539,6
1,1,1,2.0228975785446233,6
1,1,1,0.29005945596400945,6
1,1,1,1.8217048542620575,6
1,1,1,0.2865789510036021,6
1,1,1,0.07071905841884735,6
1,1,1,0.7734609835971433,6
1,1,1,1.4298881309398115,6
1,1,1,3.1057750471993417,6
1,1,1,-0.6349458712492445,6
1,1,1,0.21657014135927277,6
1,1,1,1.477771307451325,6
1,1,1,0.7416202252987927,6
1,1,1,0.21265637588132622,6
1,1,1,-0.9028591085294745,6
1,1,1,0.12134173802433385,6
1,1,1,0.2152460915417336,6
1,1,1,0.31822250282643616,6
1,1,1,2.0122417937270667,6
1,1,1,-0.06193983950466808,6
1,1,1,-1.1760503008186358,6
1,1,1,0.8964330735311274,6
1,1,1,0.2880462161810315,6
1,1,1,0.195653599788027,6
1,1,1,1.0355681628564013,6
1,1,1,-2.5066739540715464,6
1,1,1,-0.15365825276095513,6
1,1,1,0.24654817174907678,6
1,1,1,1.0052905157604402,6
1,1,1,0.13899340381563902,6
1,1,1,-0.6051384624112516,6
1,1,1,0.7725661143125833,6
1,1,1,0.4194461765201242,6
1,1,1,0.5105288153952758,6
1,1,1,1.5565704369235784,6
1,1,1,-0.1422204602117625,6
1,1,1,-0.8492012834190815,6
1,1,1,-0.8800125967531908,6
