pain,trt
6,A
7,A
6,A
5,A
8,A
7,A
7,A
7,A
6,A
6,A
5,A
6,A
8,A
6,A
7,A
6,A
8,A
7,A
6,A
4,A
4,A
6,A
5,A
7,A
6,A
5,A
4,A
7,A
5,A
7,A
6,A
8,A
7,A
4,A
6,A
5,A
5,A
3,A
5,A
6,A
7,A
7,A
9,A
5,A
7,A
8,A
9,A
6,A
8,A
5,A
8,B
5,B
8,B
7,B
8,B
7,B
7,B
7,B
7,B
7,B
9,B
9,B
7,B
7,B
6,B
6,B
7,B
7,B
9,B
8,B
9,B
7,B
7,B
7,B
9,B
7,B
8,B
4,B
8,B
8,B
5,B
7,B
8,B
7,B
8,B
10,B
6,B
8,B
8,B
8,B
7,B
6,B
7,B
7,B
8,B
6,B
8,B
7,B
6,B
9,B
3,C
1,C
3,C
3,C
6,C
5,C
7,C
3,C
4,C
3,C
5,C
5,C
2,C
4,C
4,C
6,C
3,C
5,C
4,C
4,C
2,C
3,C
3,C
4,C
2,C
2,C
4,C
3,C
5,C
6,C
5,C
1,C
5,C
2,C
3,C
3,C
4,C
5,C
2,C
4,C
4,C
2,C
1,C
6,C
2,C
5,C
3,C
4,C
1,C
6,C
