id,D,Y
1,1,750
2,1,920
3,1,880
4,0,725
5,0,980
6,1,1000
7,1,735
8,0,945
9,0,825
10,1,870
11,0,850
12,1,770
13,0,920
14,1,750
15,1,825
16,0,950
17,1,1010
18,0,745
19,0,815
20,1,715
21,1,910
22,1,820
23,1,965
24,1,740
25,1,805
26,1,850
27,0,720
28,0,790
29,0,990
30,0,715
31,1,695
32,1,745
33,0,935
34,1,975
35,1,860
36,1,895
37,1,970
38,0,765
39,1,910
40,1,740
41,0,995
42,1,790
43,0,710
44,1,745
45,1,1000
46,0,930
47,1,1010
48,0,785
49,0,835
50,1,955
51,0,670
52,0,675
53,1,915
54,0,975
55,0,760
56,0,940
57,1,950
58,0,995
59,1,895
60,1,925
61,1,945
62,0,965
63,1,895
64,0,755
65,0,955
66,0,815
67,1,820
68,1,840
69,0,740
70,1,710
71,1,780
72,1,790
73,0,685
74,1,750
75,0,730
76,0,920
77,1,785
78,1,975
79,0,805
80,0,860
81,1,805
82,0,890
83,0,680
84,1,820
85,0,735
86,1,975
87,0,990
88,0,775
89,0,910
90,0,780
91,1,1010
92,0,800
93,1,815
94,0,855
95,1,845
96,1,755
97,1,830
98,1,720
99,0,710
100,1,835
101,0,735
102,0,810
103,1,1015
104,0,945
105,0,765
106,1,885
107,0,965
108,1,840
109,1,740
110,1,730
111,0,680
112,0,915
113,1,815
114,1,880
115,0,940
116,1,960
117,0,960
118,1,725
119,0,985
120,0,860
121,1,700
122,0,750
123,0,995
124,0,960
125,0,750
126,0,920
127,1,875
128,1,790
129,0,900
130,1,800
131,1,760
132,0,975
133,0,680
134,1,1010
135,1,795
136,0,890
137,1,865
138,0,940
139,1,750
140,1,820
141,0,730
142,1,785
143,0,880
144,0,770
145,0,815
146,1,930
147,1,910
148,0,775
149,0,830
150,1,785
151,0,730
152,0,790
153,1,990
154,0,800
155,0,925
156,1,785
157,1,970
158,1,745
159,1,715
160,0,765
161,1,965
162,1,1000
163,0,685
164,0,920
165,1,790
166,0,885
167,1,720
168,1,1010
169,1,695
170,0,850
171,1,1010
172,1,725
173,1,775
174,0,965
175,0,800
176,0,930
177,1,805
178,1,735
179,0,885
180,0,850
181,0,980
182,0,860
183,1,1005
184,1,945
185,1,730
186,1,965
187,0,700
188,0,915
189,1,710
190,0,695
191,1,725
192,0,805
193,0,990
194,1,745
195,0,835
196,1,755
197,1,755
198,0,730
199,1,780
200,1,735
201,1,975
202,0,885
203,0,870
204,0,990
205,0,795
206,1,960
207,0,745
208,0,740
209,0,735
210,0,750
211,0,995
212,1,865
213,1,965
214,1,910
215,0,995
216,1,710
217,1,800
218,1,695
219,0,790
220,1,760
221,0,720
222,1,1000
223,1,820
224,1,850
225,1,915
226,1,970
227,1,990
228,0,825
229,0,905
230,1,965
231,0,895
232,0,780
233,1,985
234,0,845
235,1,980
236,0,755
237,1,870
238,0,740
239,1,760
240,0,825
241,0,965
242,0,770
243,0,855
244,1,940
245,0,985
246,1,1005
247,0,780
248,0,840
249,1,740
250,1,810
251,1,925
252,1,715
253,0,755
254,1,705
255,1,935
256,0,675
257,0,685
258,1,785
259,1,705
260,0,880
261,0,920
262,0,685
263,0,880
264,1,810
265,0,935
266,1,910
267,1,695
268,0,900
269,0,965
270,1,865
271,1,980
272,0,970
273,0,950
274,1,785
275,1,950
276,1,855
277,0,995
278,1,770
279,0,695
280,0,745
281,0,760
282,0,990
283,0,885
284,1,910
285,0,740
286,1,1015
287,0,845
288,0,860
289,1,945
290,0,790
291,0,755
292,0,775
293,1,935
294,1,855
295,1,925
296,0,805
297,0,740
298,1,715
299,1,745
300,1,855
301,1,965
302,0,830
303,0,815
304,1,980
305,0,920
306,0,690
307,1,755
308,0,895
309,1,985
310,0,685
311,0,700
312,0,815
313,0,925
314,1,735
315,1,915
316,0,685
317,0,870
318,1,840
319,1,935
320,1,750
321,0,885
322,0,725
323,0,755
324,0,700
325,0,800
326,1,760
327,1,900
328,0,755
329,1,720
330,0,695
331,0,730
332,0,960
333,0,995
334,0,800
335,0,675
336,0,685
337,0,705
338,0,860
339,1,965
340,0,940
341,0,955
342,0,950
343,0,935
344,0,675
345,1,860
346,0,790
347,1,895
348,1,990
349,1,750
350,0,820
351,1,775
352,0,865
353,1,820
354,0,960
355,1,750
356,1,955
357,1,950
358,0,870
359,0,685
360,1,920
361,1,740
362,0,735
363,1,725
364,0,675
365,0,885
366,0,750
367,1,735
368,1,710
369,1,925
370,1,700
371,1,980
372,1,695
373,0,840
374,0,885
375,0,900
376,1,905
377,1,775
378,1,1020
379,1,920
380,1,705
381,0,705
382,0,830
383,1,845
384,1,780
385,0,700
386,1,890
387,0,800
388,0,850
389,1,975
390,0,920
391,1,940
392,1,995
393,0,780
394,0,720
395,0,740
396,0,705
397,0,735
398,1,975
399,1,765
400,1,945
401,1,895
402,0,860
403,1,740
404,1,700
405,0,1000
406,1,965
407,1,885
408,1,800
409,1,745
410,1,955
411,0,885
412,0,905
413,1,840
414,1,715
415,0,790
416,0,885
417,1,930
418,0,810
419,1,885
420,0,935
421,0,950
422,1,690
423,1,790
424,1,920
425,1,1010
426,1,735
427,1,715
428,1,875
429,0,855
430,1,710
431,0,890
432,0,970
433,0,965
434,0,775
435,0,700
436,0,945
437,1,730
438,0,955
439,1,1005
440,1,855
441,0,885
442,1,755
443,0,920
444,1,870
445,0,740
446,1,920
447,1,1010
448,0,855
449,1,865
450,0,740
451,1,915
452,1,935
453,1,845
454,0,715
455,1,960
456,0,945
457,1,805
458,0,995
459,0,995
460,0,880
461,1,1000
462,0,675
463,1,700
464,1,850
465,1,780
466,0,920
467,0,830
468,1,935
469,0,685
470,0,815
471,0,720
472,0,815
473,1,785
474,1,715
475,0,895
476,0,930
477,1,870
478,0,680
479,0,760
480,1,970
481,1,845
482,0,920
483,1,1020
484,1,945
485,1,980
486,1,855
487,0,905
488,1,850
489,0,930
490,1,990
491,0,765
492,1,890
493,1,870
494,0,1000
495,0,870
496,0,740
497,0,775
498,0,970
499,1,795
500,1,875
